tool,task,verdict,how,evidence_type,notes,measured_check
UltraTextGen,light,directly_supported,"Subtle preset (freq 0.5, amp 2, up & down)",output_measured,,"task sample task:light (n=2): 0.86 marks/letter, above 50% / middle 0% / below 50%, max 2 on one base, 43% of letters touched"
UltraTextGen,extreme,directly_supported,"Extreme preset (amp 50, adjustable to 100)",output_measured,48 marks/letter at default Extreme; 92 at amp 100,"task sample task:extreme (n=2): 48.00 marks/letter, above 58% / middle 4% / below 38%, max 48 on one base, 100% of letters touched"
UltraTextGen,above_only,directly_supported,Position = Up,output_measured,100% above by ccc,"CONFIRMS: task sample task:above_only (n=2): 4.05 marks/letter, above 100% / middle 0% / below 0%, max 5 on one base, 81% of letters touched"
UltraTextGen,below_only,directly_supported,Position = Down,output_measured,100% below,"CONFIRMS: task sample task:below_only (n=2): 4.29 marks/letter, above 0% / middle 0% / below 100%, max 5 on one base, 86% of letters touched"
UltraTextGen,middle_only,directly_supported,Position = Mid,output_measured,100% middle (U+0334-0338 only),"CONFIRMS (>=80% middle): task sample task:middle_only (n=2): 4.17 marks/letter, above 0% / middle 100% / below 0%, max 5 on one base, 83% of letters touched"
UltraTextGen,mostly_readable,directly_supported,Subtle preset / Frequency slider,output_measured,,"task sample task:mostly_readable (n=2): 1.05 marks/letter, above 50% / middle 0% / below 50%, max 2 on one base, 52% of letters touched"
UltraTextGen,dense_unreadable,directly_supported,HE COMES (18/letter) or Cursed,output_measured,,"task sample task:dense_unreadable (n=2): 18.00 marks/letter, above 56% / middle 11% / below 33%, max 18 on one base, 100% of letters touched"
UltraTextGen,increasing,directly_supported,Shape = Slope Up (freq 1),output_measured,quantised levels 0/3/4/6 at amp 5,"CONFIRMS (mean profile r >= 0.7; single outputs noisy): slope-up|freq=default [thirds 1.54/2.8/3.74, r(mean profile) 0.86, r(single output) median 0.58 min 0.35]; slope-up|freq=100 [thirds 1.67/2.79/3.67, r(mean profile) 0.81, r(single output) median 0.53 min 0.39]"
UltraTextGen,decreasing,directly_supported,Shape = Slope Down,output_measured,,"CONFIRMS (mean profile r >= 0.7; single outputs noisy): slope-down|freq=default [thirds 3.83/2.83/1.69, r(mean profile) 0.84, r(single output) median 0.51 min 0.39]; slope-down|freq=100 [thirds 3.66/2.65/1.64, r(mean profile) 0.83, r(single output) median 0.52 min 0.31]"
UltraTextGen,wave,directly_supported,Shape = Wave,output_measured,|sin| over 2π: two humps across the text,UNTESTABLE BY THIRDS (code-verified formula): wave|freq=default [thirds 3.84/3.0/3.86]; wave|freq=100 [thirds 3.75/3.13/3.89]
UltraTextGen,middle_peak,directly_supported,Shape = Pyramid,output_measured,,"CONFIRMS (mean profile r >= 0.7; single outputs noisy): pyramid|freq=default [thirds 2.17/3.66/2.29, r(mean profile) 0.81, r(single output) median 0.53 min 0.34]; pyramid|freq=100 [thirds 2.15/3.73/2.27, r(mean profile) 0.82, r(single output) median 0.55 min 0.16]"
UltraTextGen,middle_valley,directly_supported,Shape = Valley,output_measured,,"CONFIRMS (mean profile r >= 0.7; single outputs noisy): valley|freq=default [thirds 3.37/2.34/3.39, r(mean profile) 0.75, r(single output) median 0.37 min 0.10]; valley|freq=100 [thirds 3.43/2.34/3.43, r(mean profile) 0.80, r(single output) median 0.37 min 0.19]"
UltraTextGen,strikethrough,approximated,"""Strikethrough"" variant row (Mid, amp 2) or Position Mid + Bars",output_measured,"sample used Mid+Bars+amp 1; variant row sampled as ctl:variant row Strikethrough | normalized: directly_supported -> approximated. The 'Strikethrough' variant row and Position Mid draw 1–2 random marks per letter from U+0334–U+0338 (tilde, short/long stroke, short/long solidus), 4–5 of the 5 marks appear in every 5-letter output: not a consistent strike line. LingoJam and Zalgo.org were 'approximated' for exactly this reason; directly_supported is kept only where one stroke mark (U+0336) is on every letter (FontCraft 'To the Heart', Pixelied 'Strikethrough').","CONTRADICTS directly_supported: ctl:variant row Strikethrough (hello, n=5) 2.00 marks/letter, 100% middle, 5 distinct marks (U+0334–U+0338 mixed per letter); task:strikethrough (Mid, amp 1) 0.88 marks/letter, 88% of letters touched. Overlay-only, but not a consistent strike line."
UltraTextGen,tiny_stack,directly_supported,Tiny Stack preset (one combining small letter above each letter),output_measured,,"CONFIRMS (<=2 above-only marks on every letter): task sample task:tiny_stack (n=2): 1.00 marks/letter, above 100% / middle 0% / below 0%, max 1 on one base, 100% of letters touched"
UltraTextGen,roots_downward,directly_supported,"Position = Down, or ""Roots"" variant row",output_measured,,"CONFIRMS: task sample task:roots_downward (n=2): 4.40 marks/letter, above 0% / middle 0% / below 100%, max 5 on one base, 88% of letters touched"
Coddy,light,directly_supported,"Mild preset (int 22, above+below)",output_measured,,"task sample task:light (n=3): 0.92 marks/letter, above 55% / middle 0% / below 45%, max 2 on one base, 68% of letters touched"
Coddy,extreme,directly_supported,"Cursed preset (int 100, all zones)",output_measured,,"task sample task:extreme (n=3): 8.37 marks/letter, above 40% / middle 9% / below 52%, max 15 on one base, 100% of letters touched"
Coddy,above_only,directly_supported,Above toggle only,output_measured,,"CONFIRMS: task sample task:above_only (n=3): 1.65 marks/letter, above 100% / middle 0% / below 0%, max 3 on one base, 82% of letters touched"
Coddy,below_only,directly_supported,Below toggle only,output_measured,,"CONFIRMS: task sample task:below_only (n=3): 1.78 marks/letter, above 0% / middle 0% / below 100%, max 3 on one base, 81% of letters touched"
Coddy,middle_only,approximated,Through toggle only,output_measured,"Through list includes U+0327/U+0328 (ccc below), so ~18% of marks land below.","middle share 82% (int 45, n=10) / 73% (int 100, n=5) / 90% (task, n=3): falls below 80% within the control's range; consistent with 'approximated'."
Coddy,mostly_readable,directly_supported,Intensity slider ~15 (or Mild),output_measured,No named readability control; low intensity gives few marks. | normalized: approximated -> directly_supported. Mild preset / low slider produces it on request (1.03 mpb measured). LingoJam's low slider and FontCraft's Faint style were accepted as directly_supported with no named readability control; the same rule applies.,"task sample task:mostly_readable (n=3): 1.03 marks/letter, above 51% / middle 0% / below 49%, max 2 on one base, 75% of letters touched"
Coddy,dense_unreadable,directly_supported,Cursed preset,output_measured,Max stack 8 per zone per char; readability of result not measured.,"task sample task:dense_unreadable (n=3): 8.37 marks/letter, above 40% / middle 9% / below 52%, max 15 on one base, 100% of letters touched"
Coddy,increasing,not_supported,,code_verified,no position-dependent logic,no shape route; nothing to measure
Coddy,decreasing,not_supported,,code_verified,,no shape route; nothing to measure
Coddy,wave,not_supported,,code_verified,,no shape route; nothing to measure
Coddy,middle_peak,not_supported,,code_verified,,no shape route; nothing to measure
Coddy,middle_valley,not_supported,,code_verified,,no shape route; nothing to measure
Coddy,strikethrough,approximated,Through only at intensity 100,output_measured,"Overlay strokes U+0334-0338 on random chars (0-2 per char), not a uniform strike line; some chars unmarked and cedilla/ogonek leak.","81% middle; consistent with verdict: task sample task:strikethrough (n=3): 1.16 marks/letter, above 0% / middle 81% / below 19%, max 2 on one base, 72% of letters touched"
Coddy,tiny_stack,approximated,low intensity (~15),output_measured,Stack height bounded by r; no explicit height control separate from frequency.,"sample is not above-only <=2 marks: task sample task:tiny_stack (n=3): 1.03 marks/letter, above 51% / middle 0% / below 49%, max 2 on one base, 75% of letters touched"
Coddy,roots_downward,directly_supported,Below only at intensity 100,output_measured,"Below marks only; no dedicated ""roots"" preset. | normalized: approximated -> directly_supported. Below toggle gives 100% ccc-below stacks (3.92 mpb, max 8 on one base). Zalgo.io was directly_supported on the same basis (below-only + intensity) without a named 'roots' preset.","CONFIRMS: task sample task:roots_downward (n=3): 3.92 marks/letter, above 0% / middle 0% / below 100%, max 8 on one base, 86% of letters touched"
LingoJam,light,directly_supported,Craziness slider low (3),output_measured,intensity control; mean 4.9 marks/base at 3,"task sample task:light (n=3): 4.90 marks/letter, above 41% / middle 20% / below 38%, max 7 on one base, 100% of letters touched"
LingoJam,extreme,directly_supported,Craziness slider max (50),output_measured,mean 49 marks/base,"task sample task:extreme (n=3): 49.05 marks/letter, above 49% / middle 2% / below 49%, max 88 on one base, 100% of letters touched"
LingoJam,above_only,not_supported,no placement control,directly_observed,,no route; nothing to measure
LingoJam,below_only,not_supported,no placement control,directly_observed,,no route; nothing to measure
LingoJam,middle_only,approximated,Craziness slider at 0,output_measured,slider minimum leaves exactly one overlay mark (U+0334-0338) per character; 100% ccc-1 middle zone measured. Unlabelled side effect; count fixed at 1.,"100% middle; consistent with verdict: task sample task:middle_only (n=3): 1.00 marks/letter, above 0% / middle 100% / below 0%, max 1 on one base, 100% of letters touched"
LingoJam,mostly_readable,directly_supported,slider low (2),output_measured,,"task sample task:mostly_readable (n=3): 3.94 marks/letter, above 38% / middle 25% / below 37%, max 5 on one base, 100% of letters touched"
LingoJam,dense_unreadable,directly_supported,slider max (50),output_measured,,"task sample task:dense_unreadable (n=3): 54.02 marks/letter, above 50% / middle 2% / below 48%, max 93 on one base, 100% of letters touched"
LingoJam,increasing,not_supported,no shape/progression control; inventory complete,directly_observed,,no shape route; nothing to measure
LingoJam,decreasing,not_supported,no shape/progression control; inventory complete,directly_observed,,no shape route; nothing to measure
LingoJam,wave,not_supported,no shape/progression control; inventory complete,directly_observed,,no shape route; nothing to measure
LingoJam,middle_peak,not_supported,no shape/progression control; inventory complete,directly_observed,,no shape route; nothing to measure
LingoJam,middle_valley,not_supported,no shape/progression control; inventory complete,directly_observed,,no shape route; nothing to measure
LingoJam,strikethrough,approximated,Craziness slider at 0,output_measured,"one random overlay mark per char from U+0334 (tilde overlay), U+0335/0336 (short/long stroke), U+0337/0338 (solidus); not a consistent strike line","100% middle; consistent with verdict: task sample task:strikethrough (n=3): 1.00 marks/letter, above 0% / middle 100% / below 0%, max 1 on one base, 100% of letters touched"
LingoJam,tiny_stack,approximated,slider at 1,output_measured,1 above + 1 middle + 1 below per char (3.0/base); cannot drop middle/below,"sample is not above-only <=2 marks: task sample task:tiny_stack (n=3): 3.00 marks/letter, above 33% / middle 33% / below 33%, max 3 on one base, 100% of letters touched"
LingoJam,roots_downward,not_supported,no below-only / direction control,directly_observed,,no route; nothing to measure
Glyphy,light,directly_supported,Zalgo Level One card,output_measured,"Still injects ""_"" occasionally (2/20 hello at L1).","task sample task:light (n=2): 1.69 marks/letter, above 54% / middle 0% / below 46%, max 3 on one base, 83% of letters touched"
Glyphy,extreme,directly_supported,Zalgo Level Twelve card,output_measured,,"task sample task:extreme (n=2): 20.83 marks/letter, above 54% / middle 5% / below 41%, max 47 on one base, 95% of letters touched"
Glyphy,above_only,not_supported,,code_verified,single mixed pool,no route; nothing to measure
Glyphy,below_only,not_supported,,code_verified,,no route; nothing to measure
Glyphy,middle_only,not_supported,,code_verified,,no route; nothing to measure
Glyphy,mostly_readable,approximated,Level One card,output_measured,"Lowest level still averages 1.5 marks/char and can insert ""_"".","task sample task:mostly_readable (n=2): 1.55 marks/letter, above 51% / middle 5% / below 45%, max 3 on one base, 76% of letters touched"
Glyphy,dense_unreadable,directly_supported,Level Twelve card,output_measured,,"task sample task:dense_unreadable (n=2): 21.50 marks/letter, above 55% / middle 5% / below 40%, max 50 on one base, 93% of letters touched"
Glyphy,increasing,not_supported,,code_verified,,no shape route; nothing to measure
Glyphy,decreasing,not_supported,,code_verified,,no shape route; nothing to measure
Glyphy,wave,not_supported,,code_verified,,no shape route; nothing to measure
Glyphy,middle_peak,not_supported,,code_verified,,no shape route; nothing to measure
Glyphy,middle_valley,not_supported,,code_verified,,no shape route; nothing to measure
Glyphy,strikethrough,not_supported,,code_verified,"Not on this page. Glyphy has a separate ""Strikethrough"" font generator linked in the site menu (not tested here).",no route; nothing to measure
Glyphy,tiny_stack,approximated,Level One card,output_measured,Max marks on one base at L1 = 3; no height control.,"sample is not above-only <=2 marks: task sample task:tiny_stack (n=2): 1.86 marks/letter, above 51% / middle 6% / below 42%, max 4 on one base, 86% of letters touched"
Glyphy,roots_downward,not_supported,,code_verified,,no route; nothing to measure
Creative Fabrica,light,unclear,,untested,page blocked,untested (blocked)
Creative Fabrica,extreme,unclear,,untested,page blocked,untested (blocked)
Creative Fabrica,above_only,unclear,,untested,page blocked,untested (blocked)
Creative Fabrica,below_only,unclear,,untested,page blocked,untested (blocked)
Creative Fabrica,middle_only,unclear,,untested,page blocked,untested (blocked)
Creative Fabrica,mostly_readable,unclear,,untested,page blocked,untested (blocked)
Creative Fabrica,dense_unreadable,unclear,,untested,page blocked,untested (blocked)
Creative Fabrica,increasing,unclear,,untested,page blocked,untested (blocked)
Creative Fabrica,decreasing,unclear,,untested,page blocked,untested (blocked)
Creative Fabrica,wave,unclear,,untested,page blocked,untested (blocked)
Creative Fabrica,middle_peak,unclear,,untested,page blocked,untested (blocked)
Creative Fabrica,middle_valley,unclear,,untested,page blocked,untested (blocked)
Creative Fabrica,strikethrough,unclear,,untested,page blocked,untested (blocked)
Creative Fabrica,tiny_stack,unclear,,untested,page blocked,untested (blocked)
Creative Fabrica,roots_downward,unclear,,untested,page blocked,untested (blocked)
Zalgo.org,light,approximated,"type, then move slider to low value (3)",output_measured,works only if slider is moved after typing; any further keystroke resets to height 17,"task sample task:light (n=3): 4.90 marks/letter, above 39% / middle 20% / below 41%, max 7 on one base, 100% of letters touched"
Zalgo.org,extreme,approximated,slider to 300 after typing,output_measured,282 marks/base; same reset caveat | normalized: directly_supported -> approximated. Needs the slider moved after typing and resets at the next keystroke: the same limitation for which the tester marked light / mostly_readable 'approximated'. dense_unreadable stays directly_supported because the default typing height (17) is already dense.,"task sample task:extreme (n=3): 282.51 marks/letter, above 56% / middle 0% / below 43%, max 496 on one base, 100% of letters touched"
Zalgo.org,above_only,not_supported,no placement control,directly_observed,,no route; nothing to measure
Zalgo.org,below_only,not_supported,no placement control,directly_observed,,no route; nothing to measure
Zalgo.org,middle_only,approximated,slider to 0 after typing,output_measured,1 overlay mark/char; unlabelled side effect; reset caveat,"100% middle; consistent with verdict: task sample task:middle_only (n=3): 1.00 marks/letter, above 0% / middle 100% / below 0%, max 1 on one base, 100% of letters touched"
Zalgo.org,mostly_readable,approximated,slider low after typing,output_measured,reset caveat,"task sample task:mostly_readable (n=3): 3.98 marks/letter, above 37% / middle 25% / below 38%, max 5 on one base, 100% of letters touched"
Zalgo.org,dense_unreadable,directly_supported,slider high after typing (default already dense: ~20 marks/base),output_measured,,"task sample task:dense_unreadable (n=3): 309.68 marks/letter, above 53% / middle 0% / below 47%, max 528 on one base, 100% of letters touched"
Zalgo.org,increasing,not_supported,no shape/progression control; inventory complete,directly_observed,,no shape route; nothing to measure
Zalgo.org,decreasing,not_supported,no shape/progression control; inventory complete,directly_observed,,no shape route; nothing to measure
Zalgo.org,wave,not_supported,no shape/progression control; inventory complete,directly_observed,,no shape route; nothing to measure
Zalgo.org,middle_peak,not_supported,no shape/progression control; inventory complete,directly_observed,,no shape route; nothing to measure
Zalgo.org,middle_valley,not_supported,no shape/progression control; inventory complete,directly_observed,,no shape route; nothing to measure
Zalgo.org,strikethrough,approximated,slider 0 after typing,output_measured,random overlay stroke/tilde/solidus per char,"100% middle; consistent with verdict: task sample task:strikethrough (n=3): 1.00 marks/letter, above 0% / middle 100% / below 0%, max 1 on one base, 100% of letters touched"
Zalgo.org,tiny_stack,approximated,slider 1 after typing,output_measured,"3 marks/base, cannot remove middle/below","sample is not above-only <=2 marks: task sample task:tiny_stack (n=3): 3.00 marks/letter, above 33% / middle 33% / below 33%, max 3 on one base, 100% of letters touched"
Zalgo.org,roots_downward,not_supported,no direction control,directly_observed,,no route; nothing to measure
SymbolDB,light,directly_supported,"Custom mode insanity 1-2, or 'Slight' (mini) templates",output_measured,Custom 2 -> 4 marks/base. 'Slight Top' template ~6.4 marks/base (task:light).,"task sample task:light (n=2): 6.43 marks/letter, above 47% / middle 0% / below 53%, max 14 on one base, 95% of letters touched"
SymbolDB,extreme,directly_supported,Custom insanity 50,output_measured,105 marks/base.,"task sample task:extreme (custom insanity 50 top mid bottom) (n=2): 105.00 marks/letter, above 54% / middle 1% / below 46%, max 105 on one base, 100% of letters touched"
SymbolDB,above_only,directly_supported,Custom mode: Top Marks only,output_measured,100% ccc-above. The 'Slight Top'/'Medium Top' templates do NOT do this (≈48% below; task:above_only (template Slight Top)).,"CONTRADICTS (not above-only): task sample task:above_only (template Slight Top) (n=2): 6.43 marks/letter, above 47% / middle 0% / below 53%, max 14 on one base, 95% of letters touched"
SymbolDB,below_only,approximated,Custom mode: Bottom Marks only,output_measured,"0.85 below, leaks 0.11 above (U+033D-033F in the bottom list). Templates 'Slight/Medium/Large Bottom' are ~50% above.","CONTRADICTS (not below-only): task sample task:below_only (template Slight Bottom) (n=2): 6.67 marks/letter, above 52% / middle 0% / below 48%, max 12 on one base, 100% of letters touched"
SymbolDB,middle_only,not_supported,Custom Middle Marks only tried,output_measured,Produces 0.86 below / 0.14 above / 0.00 ccc-middle: labelled middle but not overlay marks. 'Slight/Large Middle' templates also ~50/50 above/below.,"1% middle; consistent with verdict: task sample task:middle_only (n=2): 7.29 marks/letter, above 46% / middle 1% / below 52%, max 15 on one base, 100% of letters touched"
SymbolDB,mostly_readable,directly_supported,Custom insanity 1,output_measured,1 mark/base.,"task sample task:mostly_readable (n=2): 6.43 marks/letter, above 47% / middle 0% / below 53%, max 14 on one base, 95% of letters touched"
SymbolDB,dense_unreadable,directly_supported,Custom insanity 50,output_measured,,"task sample task:dense_unreadable (custom insanity 50 top mid bottom) (n=2): 105.00 marks/letter, above 54% / middle 1% / below 45%, max 105 on one base, 100% of letters touched"
SymbolDB,increasing,not_supported,,code_verified,No position logic in W() or to-zalgo; inventory complete.,no shape route; nothing to measure
SymbolDB,decreasing,not_supported,,code_verified,as above,no shape route; nothing to measure
SymbolDB,wave,not_supported,,code_verified,'Wave Curse' appends one U+035B at the end; not a progression.,no shape route; nothing to measure
SymbolDB,middle_peak,not_supported,,code_verified,as increasing,no shape route; nothing to measure
SymbolDB,middle_valley,not_supported,,code_verified,as increasing,no shape route; nothing to measure
SymbolDB,strikethrough,not_supported,'Strikethrough Curse' template tried,code_verified,Template = to-zalgo(mini) + ONE U+0336 at end of string; letters are not struck through (the style's previewText in the page code shows per-letter strike; the output does not). No overlay-only route in custom mode.,"2% middle; consistent with verdict: task sample task:strikethrough (n=2): 7.38 marks/letter, above 55% / middle 2% / below 43%, max 15 on one base, 100% of letters touched"
SymbolDB,tiny_stack,directly_supported,"Custom insanity 2, Top Marks only",output_measured,Exactly 2 above marks per char.,"CONFIRMS (<=2 above-only marks on every letter): task sample task:tiny_stack (custom insanity 2 top) (n=2): 2.00 marks/letter, above 100% / middle 0% / below 0%, max 2 on one base, 100% of letters touched"
SymbolDB,roots_downward,approximated,"Custom Bottom Marks only, insanity 30",output_measured,"15 marks/char, 0.86 below with ~0.10 above leakage; no shape.","LEAKS: task sample task:roots_downward (custom insanity 30 bottom) (n=2): 15.00 marks/letter, above 10% / middle 4% / below 86%, max 15 on one base, 100% of letters touched"
PSD-Dude,light,directly_supported,"Preset ""Minimal Glitch"" (above2 below2 through0) or low slider values",output_measured,1.79 marks/base on 'something is watching me' at above2/below2.,"task sample task:light (n=3): 1.79 marks/letter, above 53% / middle 0% / below 47%, max 4 on one base, 86% of letters touched"
PSD-Dude,extreme,directly_supported,All sliders to max (above20 below20 through15),output_measured,30.2 marks/base.,"task sample task:extreme (n=3): 30.21 marks/letter, above 46% / middle 12% / below 43%, max 38 on one base, 100% of letters touched"
PSD-Dude,above_only,directly_supported,"below=0, through=0, above>0",output_measured,100% ccc-above.,"CONFIRMS: task sample task:above_only (n=3): 7.38 marks/letter, above 100% / middle 0% / below 0%, max 11 on one base, 100% of letters touched"
PSD-Dude,below_only,directly_supported,"above=0, through=0, below>0",output_measured,100% ccc-below.,"CONFIRMS: task sample task:below_only (n=3): 7.78 marks/letter, above 0% / middle 0% / below 100%, max 13 on one base, 100% of letters touched"
PSD-Dude,middle_only,approximated,"above=0, below=0, Through Characters>0",output_measured,Only 0.29 of marks are ccc-middle (overlay); through list leaks above 0.40 / below 0.31.,"29% middle; consistent with verdict: task sample task:middle_only (n=3): 10.43 marks/letter, above 40% / middle 29% / below 31%, max 14 on one base, 100% of letters touched"
PSD-Dude,mostly_readable,directly_supported,Low sliders (above1 below1) or Minimal Glitch,output_measured,0.86 marks/base.,"task sample task:mostly_readable (n=3): 0.86 marks/letter, above 46% / middle 0% / below 54%, max 2 on one base, 71% of letters touched"
PSD-Dude,dense_unreadable,directly_supported,All sliders max,output_measured,,"task sample task:dense_unreadable (n=3): 30.89 marks/letter, above 45% / middle 10% / below 44%, max 39 on one base, 100% of letters touched"
PSD-Dude,increasing,not_supported,,code_verified,Same slider values applied to every character; no position logic; control inventory complete.,no shape route; nothing to measure
PSD-Dude,decreasing,not_supported,,code_verified,as above,no shape route; nothing to measure
PSD-Dude,wave,not_supported,,code_verified,as above,no shape route; nothing to measure
PSD-Dude,middle_peak,not_supported,,code_verified,as above,no shape route; nothing to measure
PSD-Dude,middle_valley,not_supported,,code_verified,as above,no shape route; nothing to measure
PSD-Dude,strikethrough,approximated,above0 below0 through1,output_measured,"Through marks are drawn at random from 16 marks (strike, slash, tilde overlays and non-overlay hooks); ~70% of chars get one, not a consistent strikethrough line. Measured 0.75 marks/base, only 0.29 ccc-middle.","29% middle; consistent with verdict: task sample task:strikethrough (n=3): 0.75 marks/letter, above 36% / middle 29% / below 34%, max 1 on one base, 75% of letters touched"
PSD-Dude,tiny_stack,approximated,above2 (below0 through0),output_measured,"~1 above mark per char, random 0-2.","above-only and small, but only 78% of letters marked (not consistent): task sample task:tiny_stack (n=3): 1.00 marks/letter, above 100% / middle 0% / below 0%, max 2 on one base, 78% of letters touched"
PSD-Dude,roots_downward,directly_supported,below-only at max (above0 below20 through0),output_measured,Below-only stacks up to 16 marks; no 'drip'/root-specific mark family or shape. | normalized: approximated -> directly_supported. below-only slider gives 100% ccc-below stacks up to 16 marks; same basis as Zalgo.io. A 'drip'-specific mark family was not required of any other tool.,"CONFIRMS: task sample task:roots_downward (n=3): 10.29 marks/letter, above 0% / middle 0% / below 100%, max 16 on one base, 100% of letters touched"
FontCraft,light,directly_supported,"Style 'Faint Zalgo' (1 up, 1 down) or 'Mild Zalgo'",output_measured,2 marks/base.,"task sample task:light (style Faint Zalgo) (n=2): 2.00 marks/letter, above 50% / middle 0% / below 50%, max 2 on one base, 100% of letters touched"
FontCraft,extreme,directly_supported,Style 'Apocalyptic Zalgo' (20/6/20),output_measured,46 marks/base.,"task sample task:extreme (style Apocalyptic Zalgo) (n=2): 46.00 marks/letter, above 50% / middle 2% / below 48%, max 46 on one base, 100% of letters touched"
FontCraft,above_only,approximated,Non-zalgo decorated style 'Stipple' (one U+033D per letter),output_measured,100% above but exactly one mark per letter; no zalgo style is above-only.,"CONFIRMS: task sample task:above_only (style Stipple) (n=2): 1.00 marks/letter, above 100% / middle 0% / below 0%, max 1 on one base, 100% of letters touched"
FontCraft,below_only,approximated,Decorated style 'Barrowland' (one U+0332 per letter),output_measured,One underline mark per letter; no stacking.,"CONFIRMS: task sample task:below_only (style Barrowland) (n=2): 1.00 marks/letter, above 0% / middle 0% / below 100%, max 1 on one base, 100% of letters touched"
FontCraft,middle_only,approximated,Decorated style 'Drift' (one U+0334 per letter),output_measured,"100% ccc-middle, one mark per letter.","100% middle; consistent with verdict: task sample task:middle_only (style Drift) (n=2): 1.00 marks/letter, above 0% / middle 100% / below 0%, max 1 on one base, 100% of letters touched"
FontCraft,mostly_readable,directly_supported,'Faint Zalgo',output_measured,,"task sample task:mostly_readable (style Faint Zalgo) (n=2): 2.00 marks/letter, above 50% / middle 0% / below 50%, max 2 on one base, 100% of letters touched"
FontCraft,dense_unreadable,directly_supported,'Apocalyptic Zalgo',output_measured,,"task sample task:dense_unreadable (style Apocalyptic Zalgo) (n=2): 46.00 marks/letter, above 50% / middle 2% / below 48%, max 46 on one base, 100% of letters touched"
FontCraft,increasing,not_supported,,code_verified,Constant per-character counts; inventory complete.,no shape route; nothing to measure
FontCraft,decreasing,not_supported,,code_verified,as above,no shape route; nothing to measure
FontCraft,wave,not_supported,,code_verified,as above ('Waveform' style is one U+033C per letter),no shape route; nothing to measure
FontCraft,middle_peak,not_supported,,code_verified,as above,no shape route; nothing to measure
FontCraft,middle_valley,not_supported,,code_verified,as above,no shape route; nothing to measure
FontCraft,strikethrough,directly_supported,Decorated style 'To the Heart' (U+0336 on every letter); also 'Posh Blitz',output_measured,"Plain strikethrough decoration, not combined with zalgo marks.","CONFIRMS (>=80% middle): task sample task:strikethrough (style To the Heart) (n=2): 1.00 marks/letter, above 0% / middle 100% / below 0%, max 1 on one base, 100% of letters touched"
FontCraft,tiny_stack,directly_supported,Decorated style 'Stipple' (one U+033D above each letter) (tester route: 'Faint Zalgo' (1 above + 1 below per char)),output_measured,"Always also adds a below mark. | normalized: approximated -> directly_supported. Stipple gives exactly 1 ccc-above mark on every letter (measured task:above_only, style Stipple: 1.0 mpb, 100% above). Same rule as UTG Tiny Stack / Textavia Whisper. The tester's Faint route (1 up + 1 down) remains a valid approximation but is not the best route.","CONFIRMS via task:above_only (style Stipple): 1.00 marks/letter, above 100% / middle 0% / below 0%"
FontCraft,roots_downward,approximated,Decorated below-only style 'Barrowland',output_measured,Single underline per letter; no downward stack.,"CONFIRMS: task sample task:roots_downward (style Barrowland) (n=2): 1.00 marks/letter, above 0% / middle 0% / below 100%, max 1 on one base, 100% of letters touched"
Pixelied,light,directly_supported,"pick a single-mark card (e.g. ""Diagonal Strikes"", 1.8 marks/letter)",output_measured,"Fixed styles; no intensity choice; orphan leading mark. | normalized: approximated -> directly_supported. A single-mark card gives light output on request; 'fixed styles, no intensity choice' was not held against FontCraft (Faint style, directly_supported).","task sample task:light (n=2): 1.76 marks/letter, above 0% / middle 100% / below 0%, max 2 on one base, 100% of letters touched"
Pixelied,extreme,directly_supported,"""Weird Text 4"" (13.4 marks/letter on hello, fixed stack)",output_measured,"Densest option; fixed per letter, not adjustable. | normalized: approximated -> directly_supported. 'Weird Text 4' (13.4 mpb) is the tool's heaviest style, chosen on request; Textavia High (8.2 mpb) and Coddy Cursed (9.5 mpb) were directly_supported. 'Fixed, not adjustable' is not a criterion applied elsewhere.",no task sample recorded under this name (route evidence: code)
Pixelied,above_only,approximated,"""Stacked above"" (U+0305) / ""Rain On Top"" / ""X-cross"" — 100% above zone",output_measured,"One repeated mark per letter, not a zalgo stack; no placement control.","CONFIRMS: task sample task:above_only (n=2): 1.81 marks/letter, above 100% / middle 0% / below 0%, max 2 on one base, 100% of letters touched"
Pixelied,below_only,approximated,"""Double Underlines"" (U+0332) and other underline styles — 100% below",output_measured,One repeated mark; no placement control.,"CONFIRMS: task sample task:below_only (n=2): 1.76 marks/letter, above 0% / middle 0% / below 100%, max 2 on one base, 100% of letters touched"
Pixelied,middle_only,approximated,"""Strikethrough"" (U+0336) — 100% middle",output_measured,One repeated overlay mark.,"100% middle; consistent with verdict: task sample task:middle_only (n=2): 1.81 marks/letter, above 0% / middle 100% / below 0%, max 2 on one base, 100% of letters touched"
Pixelied,mostly_readable,directly_supported,any single-mark card,output_measured,normalized: approximated -> directly_supported. As 'light'.,"task sample task:mostly_readable (n=2): 1.76 marks/letter, above 0% / middle 100% / below 0%, max 2 on one base, 100% of letters touched"
Pixelied,dense_unreadable,directly_supported,"""Weird Text 3""/""Weird Text 4""",output_measured,"Fixed stacks, 11-13 marks/letter; same letters always get the same stack. | normalized: approximated -> directly_supported. As 'extreme'.","task sample task:dense_unreadable (n=2): 10.95 marks/letter, above 8% / middle 2% / below 87%, max 18 on one base, 100% of letters touched"
Pixelied,increasing,not_supported,no control; full inventory,code_verified,,no shape route; nothing to measure
Pixelied,decreasing,not_supported,no control; full inventory,code_verified,,no shape route; nothing to measure
Pixelied,wave,not_supported,"no control; ""Wavy"" style is a uniform tilde overlay, not a wave progression",code_verified,,no shape route; nothing to measure
Pixelied,middle_peak,not_supported,no control,code_verified,,no shape route; nothing to measure
Pixelied,middle_valley,not_supported,no control,code_verified,,no shape route; nothing to measure
Pixelied,strikethrough,directly_supported,"""Strikethrough"" style card (U+0336 on every letter)",output_measured,Orphan leading mark + doubled interior marks (see E structural_quirk).,"CONFIRMS (>=80% middle): task sample task:strikethrough (n=2): 1.81 marks/letter, above 0% / middle 100% / below 0%, max 2 on one base, 100% of letters touched"
Pixelied,tiny_stack,directly_supported,"""Stacked above""/""Bubbles On Top"" (one above mark per letter)",output_measured,"Not combining-letter marks; one fixed mark. | normalized: approximated -> directly_supported. 'Stacked above' puts U+0305 on every letter, 100% ccc-above (measured 1.8 marks/letter: two identical copies per interior letter from the glyph-wrapping quirk). Same rule as UTG Tiny Stack.","CONFIRMS via preset:Stacked above (hello, n=5): 1.80 marks/letter, above 100% / middle 0% / below 0%, max 2 on one base"
Pixelied,roots_downward,approximated,below-only underline styles,output_measured,"Flat underline marks, not stacked roots.",no task sample recorded under this name (route evidence: code)
Textavia (Zalgo Text Generator),light,directly_supported,Intensity = Low (subtle): exactly 1 above + 1 below per char,output_measured,,"task sample task:light (n=2): 2.00 marks/letter, above 50% / middle 0% / below 50%, max 2 on one base, 100% of letters touched"
Textavia (Zalgo Text Generator),extreme,directly_supported,Intensity = High (extreme),output_measured,"mean ~7-8 marks/letter, max 15 measured","task sample task:extreme (n=2): 8.17 marks/letter, above 49% / middle 3% / below 47%, max 15 on one base, 100% of letters touched"
Textavia (Zalgo Text Generator),above_only,not_supported,no placement control; all levels add below marks,code_verified,,no route; nothing to measure
Textavia (Zalgo Text Generator),below_only,not_supported,no placement control,code_verified,,no route; nothing to measure
Textavia (Zalgo Text Generator),middle_only,not_supported,no placement control,code_verified,,no route; nothing to measure
Textavia (Zalgo Text Generator),mostly_readable,directly_supported,Low (2 marks/char including spaces),output_measured,"normalized: approximated -> directly_supported. Low = 2 marks per char, the same density as FontCraft Faint (directly_supported).","task sample task:mostly_readable (n=2): 2.00 marks/letter, above 50% / middle 0% / below 50%, max 2 on one base, 100% of letters touched"
Textavia (Zalgo Text Generator),dense_unreadable,directly_supported,High,output_measured,densest available is ~8 marks/letter mean | normalized: approximated -> directly_supported. The same High setting was accepted as directly_supported for 'extreme'; density (8.17 mpb) is reported in measured_check rather than used as an unstated threshold.,"task sample task:dense_unreadable (n=2): 8.17 marks/letter, above 49% / middle 3% / below 47%, max 15 on one base, 100% of letters touched"
Textavia (Zalgo Text Generator),increasing,not_supported,no control,code_verified,,no shape route; nothing to measure
Textavia (Zalgo Text Generator),decreasing,not_supported,no control,code_verified,,no shape route; nothing to measure
Textavia (Zalgo Text Generator),wave,not_supported,no control,code_verified,,no shape route; nothing to measure
Textavia (Zalgo Text Generator),middle_peak,not_supported,no control,code_verified,,no shape route; nothing to measure
Textavia (Zalgo Text Generator),middle_valley,not_supported,no control,code_verified,,no shape route; nothing to measure
Textavia (Zalgo Text Generator),strikethrough,not_supported,no control,code_verified,,no route; nothing to measure
Textavia (Zalgo Text Generator),tiny_stack,approximated,Intensity = Low (exactly 1 above + 1 below per char) (tester route: Low still adds a below mark to every char),code_verified,"normalized: not_supported -> approximated. Low gives exactly 1 above + 1 below per character, the same output shape as FontCraft's Faint Zalgo, which its tester recorded 'approximated' (a route with a below-mark leak), not 'not_supported'.","consistent with 'approximated' via ctl:intensity=Low (hello, n=10): 2.00 marks/letter, above 50% / middle 0% / below 50% (1 above + 1 below on every char)"
Textavia (Zalgo Text Generator),roots_downward,not_supported,no placement control,code_verified,,no route; nothing to measure
Textavia (Glitch Text Converter),light,directly_supported,"""Whisper"" (exactly 1 above mark per letter)",output_measured,,"task sample task:light (n=2): 1.00 marks/letter, above 100% / middle 0% / below 0%, max 1 on one base, 100% of letters touched"
Textavia (Glitch Text Converter),extreme,directly_supported,"""Maximum"" (1-25 marks per char, all zones)",output_measured,,"task sample task:extreme (n=2): 14.02 marks/letter, above 44% / middle 8% / below 46%, max 25 on one base, 100% of letters touched"
Textavia (Glitch Text Converter),above_only,directly_supported,"""Above Heavy""/""Above Light"" — 100% above by ccc",output_measured,,"CONFIRMS: task sample task:above_only (n=2): 3.93 marks/letter, above 100% / middle 0% / below 0%, max 8 on one base, 100% of letters touched"
Textavia (Glitch Text Converter),below_only,directly_supported,"""Below Heavy""/""Mist""/""Melting"" — 100% below",output_measured,,"CONFIRMS: task sample task:below_only (n=2): 5.38 marks/letter, above 0% / middle 0% / below 100%, max 8 on one base, 100% of letters touched"
Textavia (Glitch Text Converter),middle_only,approximated,"""Mid Heavy""/""Mid Light""",output_measured,"measured only 16% middle-zone by ccc; the ""mid"" pool contains above/below-class marks","16% middle; consistent with verdict: task sample task:middle_only (n=2): 3.98 marks/letter, above 41% / middle 16% / below 32%, max 6 on one base, 100% of letters touched"
Textavia (Glitch Text Converter),mostly_readable,directly_supported,"""Whisper""; ""Readable only"" filter",output_measured,,"task sample task:mostly_readable (n=2): 1.00 marks/letter, above 100% / middle 0% / below 0%, max 1 on one base, 100% of letters touched"
Textavia (Glitch Text Converter),dense_unreadable,directly_supported,"""Maximum""/""Insane""/""Void""",output_measured,,"task sample task:dense_unreadable (n=2): 14.02 marks/letter, above 44% / middle 8% / below 46%, max 25 on one base, 100% of letters touched"
Textavia (Glitch Text Converter),increasing,directly_supported,"""Progressive"" / ""Glitch Scan""",output_measured,noisy: random count under a rising cap,"CONFIRMS (mean profile r >= 0.7; single outputs noisy): Progressive [thirds 1.88/3.81/5.64, r(mean profile) 0.94, r(single output) median 0.61 min 0.46]; Glitch Scan [thirds 1.56/2.73/3.98, r(mean profile) 0.95, r(single output) median 0.61 min 0.46]"
Textavia (Glitch Text Converter),decreasing,directly_supported,"""Decay""",output_measured,noisy,"CONFIRMS (mean profile r >= 0.7; single outputs noisy): Decay [thirds 5.62/3.88/1.93, r(mean profile) 0.95, r(single output) median 0.60 min 0.48]"
Textavia (Glitch Text Converter),wave,directly_supported,"""Wave"" (sin, period 6 chars)",output_measured,,UNTESTABLE BY THIRDS (code-verified formula): Wave [thirds 2.85/2.64/2.81]
Textavia (Glitch Text Converter),middle_peak,directly_supported,"""Center Focus""",output_measured,,"CONFIRMS (mean profile r >= 0.7; single outputs noisy): Center Focus [thirds 2.54/5.03/2.65, r(mean profile) 0.95, r(single output) median 0.61 min 0.44]"
Textavia (Glitch Text Converter),middle_valley,directly_supported,"""Edges Only"" (first/last 2 chars heavy, middle clean)",output_measured,hard-edged valley: middle has zero marks,WEAK: Edges Only r(mean profile) 0.32 vs a graded valley; thirds 0.42/0/0.14; only 19% of letters touched (hard-edged: first/last 2 chars). UTG Valley r(mean profile) 0.75. Verdict kept: a requestable preset whose stated purpose is heavy edges / clean middle.
Textavia (Glitch Text Converter),strikethrough,approximated,"""Mid Light""",output_measured,24% middle by ccc; leaks above/below,"24% middle; consistent with verdict: task sample task:strikethrough (n=2): 1.48 marks/letter, above 44% / middle 24% / below 27%, max 2 on one base, 100% of letters touched"
Textavia (Glitch Text Converter),tiny_stack,directly_supported,"""Whisper"" (exactly 1 above mark per letter) (tester route: ""Whisper""/""Above Light"" (1-2 above marks))",output_measured,"no combining-letter preset | normalized: approximated -> directly_supported. Whisper gives exactly 1 ccc-above mark on every letter (task:light 1.0 mpb, 100% above). UTG's Tiny Stack is also exactly 1 above mark per letter and SymbolDB's 2 generic above marks were directly_supported; 'combining-letter marks' was applied as a criterion to this tool only.","CONFIRMS via task:light (Whisper): 1.00 marks/letter, above 100% / middle 0% / below 0%"
Textavia (Glitch Text Converter),roots_downward,directly_supported,"""Melting""/""Matrix Rain""/""Below Heavy""",output_measured,,"CONFIRMS: task sample task:roots_downward (n=2): 5.31 marks/letter, above 0% / middle 0% / below 100%, max 10 on one base, 100% of letters touched"
Zalgo.io,light,directly_supported,preset Mild (or intensity 1),output_measured,"Mild = intensity 2, middle off; ~3 marks/base","task sample task:light (n=3): 3.02 marks/letter, above 50% / middle 0% / below 50%, max 4 on one base, 100% of letters touched"
Zalgo.io,extreme,directly_supported,preset Extreme,output_measured,,"task sample task:extreme (n=3): 28.14 marks/letter, above 44% / middle 4% / below 52%, max 47 on one base, 100% of letters touched"
Zalgo.io,above_only,directly_supported,toggle Middle+Below off,output_measured,100% ccc above-zone measured,"CONFIRMS: task sample task:above_only (n=3): 3.29 marks/letter, above 100% / middle 0% / below 0%, max 5 on one base, 100% of letters touched"
Zalgo.io,below_only,directly_supported,toggle Above+Middle off,output_measured,100% below-zone,"CONFIRMS: task sample task:below_only (n=3): 2.97 marks/letter, above 0% / middle 0% / below 100%, max 5 on one base, 100% of letters touched"
Zalgo.io,middle_only,approximated,toggle Above+Below off,output_measured,"labelled Middle but measured ~66% below, ~19% above, ~15% overlay by ccc","15% middle; consistent with verdict: task sample task:middle_only (n=3): 1.68 marks/letter, above 19% / middle 15% / below 66%, max 3 on one base, 100% of letters touched"
Zalgo.io,mostly_readable,directly_supported,preset Mild,output_measured,,"task sample task:mostly_readable (n=3): 3.02 marks/letter, above 53% / middle 0% / below 47%, max 4 on one base, 100% of letters touched"
Zalgo.io,dense_unreadable,directly_supported,preset Extreme,output_measured,,"task sample task:dense_unreadable (n=3): 25.83 marks/letter, above 46% / middle 4% / below 50%, max 45 on one base, 100% of letters touched"
Zalgo.io,increasing,not_supported,no shape/progression control; inventory complete,directly_observed,,no shape route; nothing to measure
Zalgo.io,decreasing,not_supported,no shape/progression control; inventory complete,directly_observed,,no shape route; nothing to measure
Zalgo.io,wave,not_supported,no shape/progression control; inventory complete,directly_observed,,no shape route; nothing to measure
Zalgo.io,middle_peak,not_supported,no shape/progression control; inventory complete,directly_observed,,no shape route; nothing to measure
Zalgo.io,middle_valley,not_supported,no shape/progression control; inventory complete,directly_observed,,no shape route; nothing to measure
Zalgo.io,strikethrough,approximated,Middle only + intensity 1,output_measured,"one random mark from mid list per char; only 5 of 31 are overlay strokes (U+0334-0338), so most chars get a below/above mark, not a strike","11% middle; consistent with verdict: task sample task:strikethrough (n=3): 1.00 marks/letter, above 22% / middle 11% / below 67%, max 1 on one base, 100% of letters touched"
Zalgo.io,tiny_stack,directly_supported,intensity slider 1,output_measured,exactly 1 mark per enabled zone (3/base with all zones); combine with a single direction for 1/base,"PARTLY CONTRADICTS: the recorded sample was all zones (task:tiny_stack 3.00 marks/letter, 40% above / 56% below). The above-only 1-mark route (Above only + intensity 1: floor(rand*1)+1 = 1) is code-derived and was not sampled; above-only itself is measured 100% at intensity 5."
Zalgo.io,roots_downward,directly_supported,Below only (+ high intensity),output_measured,"page copy frames Down as ""crying/bleeding/dripping""; measured 100% below-zone, 11.5 marks/base at intensity 20","CONFIRMS: task sample task:roots_downward (n=3): 11.49 marks/letter, above 0% / middle 0% / below 100%, max 20 on one base, 100% of letters touched"
