query,engine,position,domain,title,url,date_observed
zalgo text generator,"Bing (live results page, en-US)",1,lingojam.com,Zalgo Text Generator ― LingoJam,https://lingojam.com/ZalgoText,2026-09-29
zalgo text generator,"Bing (live results page, en-US)",2,glyphy.io,Zalgo Text Generator (C̶̱̋̚͝o̶̭̳͈̊̂͝p̷̢̜̃̕͠y̸͖͚̆ ̴͔̘̲̅̅&̷͉͈̲̊ ...,https://glyphy.io/font-generator/zalgo-text,2026-09-29
zalgo text generator,"Bing (live results page, en-US)",3,coddy.tech,Glitch Text Generator - Zalgo & Cursed Text | Coddy,https://coddy.tech/tools/glitch-text-generator,2026-09-29
zalgo text generator,"Bing (live results page, en-US)",4,symboldb.org,Zalgo Text Generator | 50+ Unicode Cursed Styles for Discord ...,https://symboldb.org/font-generator/zalgo/,2026-09-29
zalgo text generator,"Bing (live results page, en-US)",5,texttrick.com,Zalgo Text Generator — C̷r̶e̷e̸p̵y̶ Glitch Text to Copy & Paste | TextTrick,https://texttrick.com/zalgo-text-generator/,2026-09-29
zalgo text generator,"Bing (live results page, en-US)",6,zalgo.org,Zalgo Text Generator - Create Glitchy Text Online,https://www.zalgo.org/,2026-09-29
zalgo text generator,"Bing (live results page, en-US)",7,coddy.tech,Zalgo Text Generator Z̷̘̽a̴͓̅l̸̢͝g̷̞̈o̶̯̓ Copy and Paste,https://coddy.tech/tools/glitch-text-generator/zalgo-text,2026-09-29
zalgo text generator,"Bing (live results page, en-US)",8,elysiatools.com,Zalgo Text Generator | Online Free Tool | Elysia Tools,https://elysiatools.com/en/tools/zalgo-text,2026-09-29
zalgo text generator,"Bing (live results page, en-US)",9,glitchtext.cool,Zalgo Text Generator – Create Controlled Zalgo & Glitch Text Online,https://glitchtext.cool/en/zalgo-text-generator,2026-09-29
zalgo text generator,"Bing (live results page, en-US)",10,monocalc.com,Zalgo Text Generator - Create Glitch & Corrupted Text Online,https://monocalc.com/tool/text/zalgo_text_generator,2026-09-29
zalgo generator,"Bing (live results page, en-US)",1,lingojam.com,Zalgo Text Generator ― LingoJam,https://lingojam.com/ZalgoText,2026-09-29
zalgo generator,"Bing (live results page, en-US)",2,glyphy.io,Zalgo Text Generator (C̶̱̋̚͝o̶̭̳͈̊̂͝p̷̢̜̃̕͠y̸͖͚̆ ̴͔̘̲̅̅&̷͉͈̲̊ ...,https://glyphy.io/font-generator/zalgo-text,2026-09-29
zalgo generator,"Bing (live results page, en-US)",3,coddy.tech,Glitch Text Generator - Zalgo & Cursed Text | Coddy,https://coddy.tech/tools/glitch-text-generator,2026-09-29
zalgo generator,"Bing (live results page, en-US)",4,symboldb.org,Zalgo Text Generator | 50+ Unicode Cursed Styles for Discord ...,https://symboldb.org/font-generator/zalgo/,2026-09-29
zalgo generator,"Bing (live results page, en-US)",5,zalgo.org,Zalgo Text Generator - Create Glitchy Text Online,https://www.zalgo.org/,2026-09-29
zalgo generator,"Bing (live results page, en-US)",6,coddy.tech,Zalgo Text Generator Z̷̘̽a̴͓̅l̸̢͝g̷̞̈o̶̯̓ Copy and Paste,https://coddy.tech/tools/glitch-text-generator/zalgo-text,2026-09-29
zalgo generator,"Bing (live results page, en-US)",7,texttrick.com,Zalgo Text Generator — C̷r̶e̷e̸p̵y̶ Glitch Text to Copy & Paste | TextTrick,https://texttrick.com/zalgo-text-generator/,2026-09-29
zalgo generator,"Bing (live results page, en-US)",8,textavia.com,Zalgo Text Generator - Glitch Text Maker | Textavia,https://textavia.com/tools/zalgo,2026-09-29
zalgo generator,"Bing (live results page, en-US)",9,miniwebtool.com,Free Zalgo Text Generator - Choose Intensity and Direction,https://miniwebtool.com/zalgo-text-generator/,2026-09-29
zalgo generator,"Bing (live results page, en-US)",10,monocalc.com,Zalgo Text Generator - Create Glitch & Corrupted Text Online,https://monocalc.com/tool/text/zalgo_text_generator,2026-09-29
corrupted text generator,"Bing (live results page, en-US)",1,lingojam.com,Corrupted Text Generator ― LingoJam,https://lingojam.com/CorruptedText,2026-09-29
corrupted text generator,"Bing (live results page, en-US)",2,glyphy.io,Glitch Text Generator (₵Ø₱Ɏ & ₱₳₴₮Ɇ) – Glyphy,https://glyphy.io/font-generator/glitch-text,2026-09-29
corrupted text generator,"Bing (live results page, en-US)",3,coddy.tech,Glitch Text Generator - Zalgo & Cursed Text | Coddy,https://coddy.tech/tools/glitch-text-generator,2026-09-29
corrupted text generator,"Bing (live results page, en-US)",4,textavia.com,Glitch Text Generator - 55+ Corrupted Text Effects | Textavia,https://textavia.com/tools/glitch-text-converter,2026-09-29
corrupted text generator,"Bing (live results page, en-US)",5,lingojam.com,Glitch Text Generator (copy and paste) ― LingoJam,https://lingojam.com/GlitchTextGenerator,2026-09-29
corrupted text generator,"Bing (live results page, en-US)",6,fontgenerator.org,Corrupted Text Generator Ḿ̴̗ȅ̶̡s̵̮̓s̸͕̔e̵̩͂d̴̤͑ Copy and Paste,https://www.fontgenerator.org/corrupted-text-generator,2026-09-29
corrupted text generator,"Bing (live results page, en-US)",7,symboldb.org,Glitch Text Generator | 50+ Unicode Glitch Styles for Discord ...,https://symboldb.org/font-generator/glitch/,2026-09-29
corrupted text generator,"Bing (live results page, en-US)",8,wordcraft.tools,Corrupted Text Generator — Copy & Paste Broken Glitch Font,https://wordcraft.tools/corrupted-text-generator/,2026-09-29
corrupted text generator,"Bing (live results page, en-US)",9,hafiz.dev,Glitch Text Generator - Distorted & Corrupted Text,https://hafiz.dev/tools/glitch-text-generator,2026-09-29
corrupted text generator,"Bing (live results page, en-US)",10,textglitchgenerator.com,Corrupted Text Generator | Free Text Corruptor Copy & Paste,https://textglitchgenerator.com/corrupted-text-generator,2026-09-29
glitch text generator,"Bing (live results page, en-US)",1,youtube.com,GLITCH - YouTube,https://www.youtube.com/@GLITCH/featured,2026-09-29
glitch text generator,"Bing (live results page, en-US)",2,glitchproductions.store,The Glitch Productions Store,https://glitchproductions.store/,2026-09-29
glitch text generator,"Bing (live results page, en-US)",3,glitchprod.com,Home | Glitch Productions,https://www.glitchprod.com/,2026-09-29
glitch text generator,"Bing (live results page, en-US)",4,youtube.com,Glitch - YouTube,https://www.youtube.com/channel/UCicx_4RfqfiM07AXLv09Hww,2026-09-29
glitch text generator,"Bing (live results page, en-US)",5,glitch.com,Glitch Blog,https://glitch.com/,2026-09-29
glitch text generator,"Bing (live results page, en-US)",6,m.imdb.com,Glitch (TV Series 2015–2019) - IMDb,https://m.imdb.com/title/tt4192782/,2026-09-29
glitch text generator,"Bing (live results page, en-US)",7,blog.glitch.com,Welcome to Glitch!,https://blog.glitch.com/post/welcome-to-glitch/,2026-09-29
glitch text generator,"Bing (live results page, en-US)",8,en.m.wikipedia.org,Glitch (Australian TV series) - Wikipedia,https://en.m.wikipedia.org/wiki/Glitch_(Australian_TV_series),2026-09-29
glitch text generator,"Bing (live results page, en-US)",9,glitchprod.com,Murder Drones | Glitch Productions,https://www.glitchprod.com/murder-drones,2026-09-29
glitch text generator,"Bing (live results page, en-US)",10,en.m.wikipedia.org,Glitch - Wikipedia,https://en.m.wikipedia.org/wiki/Glitch,2026-09-29
cursed text generator,"Bing (live results page, en-US)",1,lingojam.com,Cursed Text Generator (creepy/glitched/hacked/void) ― LingoJam,https://lingojam.com/CursedText,2026-09-29
cursed text generator,"Bing (live results page, en-US)",2,glyphy.io,Glitch Text Generator (₵Ø₱Ɏ & ₱₳₴₮Ɇ) – Glyphy,https://glyphy.io/font-generator/glitch-text,2026-09-29
cursed text generator,"Bing (live results page, en-US)",3,symboldb.org,Cursed Text Generator | 50+ Unicode Cursed Styles | Free Zalgo Text ...,https://symboldb.org/font-generator/cursed/,2026-09-29
cursed text generator,"Bing (live results page, en-US)",4,glyphy.io,Cursed Text Generator (ርዐየሃ & የልነፕቹ) – Glyphy,https://glyphy.io/font-generator/cursed-text,2026-09-29
cursed text generator,"Bing (live results page, en-US)",5,fontgenerator.org,Cursed Text Generator ‍ Ḿ̴̗ȅ̶̡s̵̮̓s̸͕̔e̵̩͂d̴̤͑ Copy and Paste,https://www.fontgenerator.org/cursed-text-generator,2026-09-29
cursed text generator,"Bing (live results page, en-US)",6,coddy.tech,Cursed Text Generator c̷̛̱̀ṳ̸̮̈́r̴͎̄s̷̡̽e̶̩͝d̵̺̎ Letters to Copy & Paste,https://coddy.tech/tools/glitch-text-generator/cursed-text,2026-09-29
cursed text generator,"Bing (live results page, en-US)",7,coddy.tech,Glitch Text Generator - Zalgo & Cursed Text | Coddy,https://coddy.tech/tools/glitch-text-generator,2026-09-29
cursed text generator,"Bing (live results page, en-US)",8,hafiz.dev,Cursed Text Generator - Creepy & Spooky Unicode Text,https://hafiz.dev/tools/cursed-text-generator,2026-09-29
cursed text generator,"Bing (live results page, en-US)",9,ezascii.com,"Glitch Text Generator — Creepy, Cursed & Corrupted Text | EZASCII",https://ezascii.com/glitch-text,2026-09-29
cursed text generator,"Bing (live results page, en-US)",10,thecursedtext.com,Cursed Text Generator (Copy & Paste) – Cursed Fonts & Letters,https://thecursedtext.com/,2026-09-29
creepy text generator,"Bing (live results page, en-US)",1,lingojam.com,Creepy Text Generator (copy and paste) ― LingoJam,https://lingojam.com/CreepyTextGenerator,2026-09-29
creepy text generator,"Bing (live results page, en-US)",2,glyphy.io,Creepy Text Generator ( 𝕆𝕡Y & קⓐѕт𝐄) – Glyphy,https://glyphy.io/font-generator/creepy-text,2026-09-29
creepy text generator,"Bing (live results page, en-US)",3,onlinefontgenerator.net,"Creepy Text Generator — Scary, Dark & Glitch Text",https://onlinefontgenerator.net/creepy-text-generator/,2026-09-29
creepy text generator,"Bing (live results page, en-US)",4,symboldb.org,Creepy Font Generator | Over 50 Unicode Scary Styles Free Online,https://symboldb.org/font-generator/creepy/,2026-09-29
creepy text generator,"Bing (live results page, en-US)",5,coddy.tech,Creepy Text Generator c̠̼r̥͉e͇e̪p̘̣y̗̙ Scary Letters to Copy & Paste,https://coddy.tech/tools/glitch-text-generator/creepy-text,2026-09-29
creepy text generator,"Bing (live results page, en-US)",6,glyphy.io,Glitch Text Generator (₵Ø₱Ɏ & ₱₳₴₮Ɇ) – Glyphy,https://glyphy.io/font-generator/glitch-text,2026-09-29
creepy text generator,"Bing (live results page, en-US)",7,fontst.com,Scary Text Generator - Spooky & Creepy Font Copy & Paste,https://fontst.com/scary-text/,2026-09-29
creepy text generator,"Bing (live results page, en-US)",8,typedly.com,Creepy Text Generator - Copy and Paste,https://typedly.com/font-generator/creepy/,2026-09-29
creepy text generator,"Bing (live results page, en-US)",9,font-generator.com,"Horror, fear and panic fonts | Font & Text Generator",https://www.font-generator.com/terror/,2026-09-29
creepy text generator,"Bing (live results page, en-US)",10,lingojam.com,Cursed Text Generator (creepy/glitched/hacked/void) ― LingoJam,https://lingojam.com/CursedText,2026-09-29
demonic text generator,"Bing (live results page, en-US)",1,merriam-webster.com,DEMONIC Definition & Meaning - Merriam-Webster,https://www.merriam-webster.com/dictionary/demonic,2026-09-29
demonic text generator,"Bing (live results page, en-US)",2,en.m.wikipedia.org,Demonic (2021 film) - Wikipedia,https://en.m.wikipedia.org/wiki/Demonic_(2021_film),2026-09-29
demonic text generator,"Bing (live results page, en-US)",3,en.m.wikipedia.org,Demonic (2015 film) - Wikipedia,https://en.m.wikipedia.org/wiki/Demonic_(2015_film),2026-09-29
demonic text generator,"Bing (live results page, en-US)",4,m.imdb.com,Demonic (2015) - IMDb,https://m.imdb.com/title/tt1841642/,2026-09-29
demonic text generator,"Bing (live results page, en-US)",5,m.imdb.com,Demonic (2021) - IMDb,https://m.imdb.com/title/tt13392012/,2026-09-29
demonic text generator,"Bing (live results page, en-US)",6,dictionary.cambridge.org,DEMONIC | English meaning - Cambridge Dictionary,https://dictionary.cambridge.org/dictionary/english/demonic,2026-09-29
demonic text generator,"Bing (live results page, en-US)",7,dictionary.com,DEMONIC Definition & Meaning | Dictionary.com,https://www.dictionary.com/browse/demonic,2026-09-29
demonic text generator,"Bing (live results page, en-US)",8,rottentomatoes.com,Demonic (2021) | Rotten Tomatoes,https://www.rottentomatoes.com/m/demonic_2021,2026-09-29
demonic text generator,"Bing (live results page, en-US)",9,thefreedictionary.com,Demonic - definition of demonic by The Free Dictionary,https://www.thefreedictionary.com/demonic,2026-09-29
demonic text generator,"Bing (live results page, en-US)",10,m.youtube.com,Demonic - YouTube,https://m.youtube.com/watch?v=XWzojSloM-Y,2026-09-29
zalgo text generator,Second web search index (US),1,creativefabrica.com,,https://www.creativefabrica.com/tools/zalgo-text-generator/,2026-09-29
zalgo text generator,Second web search index (US),2,psd-dude.com,,https://www.psd-dude.com/zalgo-text/,2026-09-29
zalgo text generator,Second web search index (US),3,coddy.tech,,https://coddy.tech/tools/glitch-text-generator,2026-09-29
zalgo text generator,Second web search index (US),4,lingojam.com,,https://lingojam.com/ZalgoText,2026-09-29
zalgo text generator,Second web search index (US),5,zalgo.org,,https://zalgo.org/,2026-09-29
zalgo text generator,Second web search index (US),6,fsymbols.com,,https://fsymbols.com/generators/zalgo/,2026-09-29
zalgo text generator,Second web search index (US),7,fontcraft.com,,https://fontcraft.com/zalgo-text/,2026-09-29
zalgo text generator,Second web search index (US),8,nepeta.mozai.com,,https://nepeta.mozai.com/zalgo.html,2026-09-29
zalgo text generator,Second web search index (US),9,github.com,,https://github.com/im-rises/zalgo-generator,2026-09-29
zalgo generator,Second web search index (US),1,creativefabrica.com,,https://www.creativefabrica.com/tools/zalgo-text-generator/,2026-09-29
zalgo generator,Second web search index (US),2,codeshack.io,,https://codeshack.io/zalgo-text-generator/,2026-09-29
zalgo generator,Second web search index (US),3,play.google.com,,https://play.google.com/store/apps/details?id=com.rayadams.zalgo_generator,2026-09-29
zalgo generator,Second web search index (US),4,psd-dude.com,,https://www.psd-dude.com/zalgo-text/,2026-09-29
zalgo generator,Second web search index (US),5,zalgo.org,,https://zalgo.org/,2026-09-29
zalgo generator,Second web search index (US),6,lingojam.com,,https://lingojam.com/ZalgoText,2026-09-29
zalgo generator,Second web search index (US),7,coddy.tech,,https://coddy.tech/tools/glitch-text-generator,2026-09-29
zalgo generator,Second web search index (US),8,fsymbols.com,,https://fsymbols.com/generators/zalgo/,2026-09-29
zalgo generator,Second web search index (US),9,glyphy.io,,https://glyphy.io/font-generator/zalgo-text,2026-09-29
corrupted text generator,Second web search index (US),1,psd-dude.com,,https://www.psd-dude.com/glitch-text-generator/,2026-09-29
corrupted text generator,Second web search index (US),2,coddy.tech,,https://coddy.tech/tools/glitch-text-generator,2026-09-29
corrupted text generator,Second web search index (US),3,creativefabrica.com,,https://www.creativefabrica.com/tools/glitch-text-generator/,2026-09-29
corrupted text generator,Second web search index (US),4,pixelied.com,,https://pixelied.com/font-generator/glitch-text,2026-09-29
corrupted text generator,Second web search index (US),5,fontcraft.com,,https://fontcraft.com/glitch-text/,2026-09-29
corrupted text generator,Second web search index (US),6,zalgo.org,,https://zalgo.org/,2026-09-29
corrupted text generator,Second web search index (US),7,glitchytextgenerator.net,,https://glitchytextgenerator.net/,2026-09-29
corrupted text generator,Second web search index (US),8,piccollage.com,,https://piccollage.com/text-generator/glitch,2026-09-29
corrupted text generator,Second web search index (US),9,lingojam.com,,https://lingojam.com/GlitchTextGenerator,2026-09-29
glitch text generator,Second web search index (US),1,creativefabrica.com,,https://www.creativefabrica.com/tools/glitch-text-generator/,2026-09-29
glitch text generator,Second web search index (US),2,psd-dude.com,,https://www.psd-dude.com/glitch-text-generator/,2026-09-29
glitch text generator,Second web search index (US),3,coddy.tech,,https://coddy.tech/tools/glitch-text-generator,2026-09-29
glitch text generator,Second web search index (US),4,pixelied.com,,https://pixelied.com/font-generator/glitch-text,2026-09-29
glitch text generator,Second web search index (US),5,fontcraft.com,,https://fontcraft.com/glitch-text/,2026-09-29
glitch text generator,Second web search index (US),6,glyphy.io,,https://glyphy.io/font-generator/glitch-text,2026-09-29
glitch text generator,Second web search index (US),7,lingojam.com,,https://lingojam.com/GlitchTextGenerator,2026-09-29
glitch text generator,Second web search index (US),8,glitchytextgenerator.net,,https://glitchytextgenerator.net/,2026-09-29
glitch text generator,Second web search index (US),9,piccollage.com,,https://piccollage.com/text-generator/glitch,2026-09-29
cursed text generator,Second web search index (US),1,creativefabrica.com,,https://www.creativefabrica.com/tools/cursed-text-generator/,2026-09-29
cursed text generator,Second web search index (US),2,coddy.tech,,https://coddy.tech/tools/glitch-text-generator/cursed-text,2026-09-29
cursed text generator,Second web search index (US),3,pixelied.com,,https://pixelied.com/font-generator/cursed-text,2026-09-29
cursed text generator,Second web search index (US),4,glyphy.io,,https://glyphy.io/font-generator/cursed-text,2026-09-29
cursed text generator,Second web search index (US),5,fontcraft.com,,https://fontcraft.com/cursed-text/,2026-09-29
cursed text generator,Second web search index (US),6,lingojam.com,,https://lingojam.com/CursedText,2026-09-29
cursed text generator,Second web search index (US),7,cursedtextgenerator.us,,https://cursedtextgenerator.us/,2026-09-29
cursed text generator,Second web search index (US),8,glitchtextgenerater.com,,https://glitchtextgenerater.com/cursed-text-generator/,2026-09-29
cursed text generator,Second web search index (US),9,bold-text.com,,https://bold-text.com/cursed-text-generator,2026-09-29
creepy text generator,Second web search index (US),1,creativefabrica.com,,https://www.creativefabrica.com/tools/creepy-text-generator/,2026-09-29
creepy text generator,Second web search index (US),2,glyphy.io,,https://glyphy.io/font-generator/creepy-text,2026-09-29
creepy text generator,Second web search index (US),3,coddy.tech,,https://coddy.tech/tools/glitch-text-generator,2026-09-29
creepy text generator,Second web search index (US),4,pinterest.com,,https://www.pinterest.com/ideas/creepy-text-generator/922402038007/,2026-09-29
creepy text generator,Second web search index (US),5,zalgo.org,,https://zalgo.org/,2026-09-29
creepy text generator,Second web search index (US),6,lingojam.com,,https://lingojam.com/CreepyZalgoTextGenerator,2026-09-29
creepy text generator,Second web search index (US),7,font-generator.com,,https://www.font-generator.com/terror/,2026-09-29
creepy text generator,Second web search index (US),8,texttofont.com,,https://texttofont.com/creepy-font-generator,2026-09-29
creepy text generator,Second web search index (US),9,tools.en.softonic.com,,https://tools.en.softonic.com/creepy-text-generator,2026-09-29
demonic text generator,Second web search index (US),1,creativefabrica.com,,https://www.creativefabrica.com/tools/zalgo-text-generator/,2026-09-29
demonic text generator,Second web search index (US),2,codeshack.io,,https://codeshack.io/zalgo-text-generator/,2026-09-29
demonic text generator,Second web search index (US),3,namecheap.com,,https://www.namecheap.com/visual/font-generator/zalgo-text/,2026-09-29
demonic text generator,Second web search index (US),4,lingojam.com,,https://lingojam.com/ZalgoText,2026-09-29
demonic text generator,Second web search index (US),5,plaintextconverter.com,,https://plaintextconverter.com/demonic-text-generator/,2026-09-29
demonic text generator,Second web search index (US),6,glyphy.io,,https://glyphy.io/font-generator/cursed-text,2026-09-29
demonic text generator,Second web search index (US),7,coddy.tech,,https://coddy.tech/tools/glitch-text-generator,2026-09-29
demonic text generator,Second web search index (US),8,cursedtextsgenrator.com,,https://cursedtextsgenrator.com/,2026-09-29
demonic text generator,Second web search index (US),9,zalgo.org,,https://zalgo.org/,2026-09-29
