tool_id,tool,decoder,outputs,exact_match_pct,letters_match_pct
coddy,Coddy,UltraTextGen,209,100,100
coddy,Coddy,LingoJam / Zalgo.org (U+0300-0361),209,32.5,100
coddy,Coddy,"Zalgo.io (U+0300-036F, U+0489)",209,100,100
fontcraft,FontCraft,UltraTextGen,118,94.9,97.5
fontcraft,FontCraft,LingoJam / Zalgo.org (U+0300-0361),118,12.7,97.5
fontcraft,FontCraft,"Zalgo.io (U+0300-036F, U+0489)",118,94.9,97.5
glyphy,Glyphy,UltraTextGen,538,46.7,100
glyphy,Glyphy,LingoJam / Zalgo.org (U+0300-0361),538,2,100
glyphy,Glyphy,"Zalgo.io (U+0300-036F, U+0489)",538,46.7,100
lingojam,LingoJam,UltraTextGen,85,100,100
lingojam,LingoJam,LingoJam / Zalgo.org (U+0300-0361),85,100,100
lingojam,LingoJam,"Zalgo.io (U+0300-036F, U+0489)",85,100,100
pixelied,Pixelied,UltraTextGen,340,92.9,100
pixelied,Pixelied,LingoJam / Zalgo.org (U+0300-0361),340,73.5,91.2
pixelied,Pixelied,"Zalgo.io (U+0300-036F, U+0489)",340,92.9,100
psd-dude,PSD-Dude,UltraTextGen,174,28.7,94.3
psd-dude,PSD-Dude,LingoJam / Zalgo.org (U+0300-0361),174,4.6,94.3
psd-dude,PSD-Dude,"Zalgo.io (U+0300-036F, U+0489)",174,28.7,94.3
symboldb,SymbolDB,UltraTextGen,652,83.1,83.1
symboldb,SymbolDB,LingoJam / Zalgo.org (U+0300-0361),652,14.7,66.3
symboldb,SymbolDB,"Zalgo.io (U+0300-036F, U+0489)",652,67.8,67.8
textavia-glitch,Textavia Glitch Text Converter,UltraTextGen,836,100,100
textavia-glitch,Textavia Glitch Text Converter,LingoJam / Zalgo.org (U+0300-0361),836,21.5,71.1
textavia-glitch,Textavia Glitch Text Converter,"Zalgo.io (U+0300-036F, U+0489)",836,100,100
textavia,Textavia Zalgo Text Generator,UltraTextGen,75,100,100
textavia,Textavia Zalgo Text Generator,LingoJam / Zalgo.org (U+0300-0361),75,9.3,93.3
textavia,Textavia Zalgo Text Generator,"Zalgo.io (U+0300-036F, U+0489)",75,100,100
ultratextgen,UltraTextGen,UltraTextGen,418,100,100
ultratextgen,UltraTextGen,LingoJam / Zalgo.org (U+0300-0361),418,69.6,96.2
ultratextgen,UltraTextGen,"Zalgo.io (U+0300-036F, U+0489)",418,96.2,96.2
zalgo-io,Zalgo.io,UltraTextGen,181,100,100
zalgo-io,Zalgo.io,LingoJam / Zalgo.org (U+0300-0361),181,17.1,100
zalgo-io,Zalgo.io,"Zalgo.io (U+0300-036F, U+0489)",181,100,100
zalgo-org,Zalgo.org,UltraTextGen,100,100,100
zalgo-org,Zalgo.org,LingoJam / Zalgo.org (U+0300-0361),100,100,100
zalgo-org,Zalgo.org,"Zalgo.io (U+0300-036F, U+0489)",100,100,100
