capability,before,after,value,evidence,evidence_type
intensity_control,yes,yes,Amplitude 1–20 (1–300 in Extreme) + Frequency 0–100% + per-zone amounts,"v1.1 re-test 2026-09-30 (branch build, served locally): ",directly_observed
zone_combinations,partial,yes,any combination via Amount per zone (0 turns a zone off),"v1.1 re-test 2026-09-30 (branch build, served locally): zones sliders captured: up=9/mid=0/down=0, up=0/mid=3/down=0, up=2/mid=4/down=12",directly_observed
per_zone_amount,no,yes,"Above / Through / Below sliders, 0–20 (0–300 in Extreme)","v1.1 re-test 2026-09-30 (branch build, served locally): zones toggle + 3 sliders; Position and Amplitude disabled while on",directly_observed
amplitude_range,yes,yes,1–300 marks/letter single-zone; up to 272 with Position All,"v1.1 re-test 2026-09-30 (branch build, served locally): extreme amplitude=300 position=up and position=all captured",directly_observed
preset_count,yes,yes,"8 presets (Subtle, Classic, Cursed, HE COMES, Tiny Stack, Extreme, Thai Cascade, Post Invader) + 5 fixed variant rows",Preset buttons and 'More styles' variant rows on the live page.,directly_observed
deterministic_output,partial,yes,same text + settings + seed = same output; Regenerate draws a new seed,"v1.1 re-test 2026-09-30 (branch build, served locally): share URL reopened in a new page gave a byte-identical output (reloadSameOutput true)",directly_observed
consistency_toggle_or_seed,no,yes,seed in the share link (base 36),"v1.1 re-test 2026-09-30 (branch build, served locally): URL carries seed=…; not a toggle: output stays fixed until Regenerate",directly_observed
exact_output_in_url,partial,yes,"text, settings and seed in the URL","v1.1 re-test 2026-09-30 (branch build, served locally): shared link reproduces the exact output",directly_observed
interactions_to_first_output,yes,yes,1,"v1.1 re-test 2026-09-30 (branch build, served locally): sample text is replaced by the first typed character (tap, then type)",directly_observed
interactions_to_copy,yes,yes,2,"v1.1 re-test 2026-09-30 (branch build, served locally): type, then Copy; output and Copy are in the first screen",directly_observed
controls_above_fold_desktop,partial,partial,"input, output, Copy, GIF in the first screen (output starts at 551 of 800); presets below","v1.1 re-test 2026-09-30 (branch build, served locally): same rule as Zalgo.io: generator settings below the fold",directly_observed
controls_above_fold_mobile,no,partial,"English page: input and Copy in the first 664px, output starts just below; presets below","v1.1 re-test 2026-09-30 (branch build, served locally): ",directly_observed
emoji_preserved,yes,yes,"3/3 keep 👁; flags, skin tones and ZWJ families also stay whole (marks attach after the whole grapheme)","v1.1 2026-09-30 (branch build, served locally): engine test + browser output ""hi 🇲🇾 👨‍👩‍👧""",output_measured
image_or_gif_export,yes,yes,PNG share image + animated GIF download (made in the browser),"v1.1 re-test 2026-09-30 (branch build, served locally): GIF downloads captured: classic flicker 8 frames, cascade grow 10 frames; decoded by Pillow",directly_observed
special_modes,yes,yes,"Thai Cascade (depth 10–1000, up and down marks, kaomoji carrier, Post Invader preset); Extreme (amplitude to 300); Amount per zone","v1.1 re-test 2026-09-30 (branch build, served locally)",directly_observed
fit_to_limit,,yes,tap a red Will-it-fit badge to shrink amplitude / zones / depth to that limit; X counted with its own weights,"v1.1 re-test 2026-09-30 (branch build, served locally): Extreme 300 output 5,736 chars → Fit to X → 276",directly_observed
