case,worksheet_type,treatment,writing_guides_visible_clean,writing_guides_visible_screened,writing_guides_median_luma_clean,trace_rows_visible_clean,trace_rows_visible_screened,trace_rows_median_luma_clean,example_row_visible_clean,example_row_visible_screened,example_row_median_luma_clean,other_marks_visible_clean,other_marks_visible_screened,other_marks_median_luma_clean
name-tracing,Name and word tracing,standard,0.8685,0.6826,0.6314,0.8887,0.6053,0.6275,1.0,1.0,0.1098,,,
name-tracing,Name and word tracing,broad_fade_72,0.5549,0.0921,0.7333,0.4284,0.0481,0.7294,1.0,1.0,0.3529,,,
name-tracing,Name and word tracing,role_aware_75,0.868,0.6819,0.6314,0.8887,0.6053,0.6275,1.0,1.0,0.3294,,,
name-tracing,Name and word tracing,high_contrast,1.0,1.0,0.0,0.9757,0.9757,0.0,1.0,1.0,0.1098,,,
name-tracing-roster,Name and word tracing,standard,0.8664,0.6761,0.7216,0.9358,0.7167,0.5804,1.0,1.0,0.1098,,,
name-tracing-roster,Name and word tracing,broad_fade_72,0.5325,0.0525,0.8,0.6065,0.1054,0.6941,1.0,1.0,0.3529,,,
name-tracing-roster,Name and word tracing,role_aware_75,0.8658,0.6753,0.7216,0.9358,0.7167,0.5804,1.0,1.0,0.3294,,,
name-tracing-roster,Name and word tracing,high_contrast,1.0,1.0,0.0,0.9887,0.9887,0.0,1.0,1.0,0.1098,,,
hw-faded,Name and word tracing,standard,0.822,0.6434,0.6314,0.9103,0.5964,0.7882,1.0,1.0,0.1098,,,
hw-faded,Name and word tracing,broad_fade_72,0.5133,0.0444,0.7333,0.7419,0.0047,0.8431,1.0,1.0,0.3529,,,
hw-faded,Name and word tracing,role_aware_75,0.8216,0.6429,0.6314,0.9103,0.5964,0.7882,1.0,1.0,0.3294,,,
hw-faded,Name and word tracing,high_contrast,1.0,1.0,0.0,0.4262,0.4285,1.0,1.0,1.0,0.1098,,,
hw-faint,Name and word tracing,standard,0.8154,0.6363,0.6314,0.0,0.0,0.8588,1.0,1.0,0.1098,,,
hw-faint,Name and word tracing,broad_fade_72,0.5031,0.0433,0.7333,0.0,0.0,0.8941,1.0,1.0,0.3529,,,
hw-faint,Name and word tracing,role_aware_75,0.815,0.6358,0.6314,0.0,0.0,0.8588,1.0,1.0,0.3294,,,
hw-faint,Name and word tracing,high_contrast,1.0,1.0,0.0,1.0,1.0,0.0,1.0,1.0,0.1098,,,
hw-sentence-faded,Name and word tracing,standard,0.1177,0.0506,0.7216,0.8076,0.4587,0.7882,1.0,1.0,0.1098,,,
hw-sentence-faded,Name and word tracing,broad_fade_72,0.038,0.0339,0.8,0.4719,0.0069,0.8431,1.0,1.0,0.3529,,,
hw-sentence-faded,Name and word tracing,role_aware_75,0.1155,0.0479,0.7216,0.8076,0.4587,0.7882,1.0,1.0,0.3294,,,
hw-sentence-faded,Name and word tracing,high_contrast,0.9946,0.9932,0.0,0.584,0.5838,1.0,1.0,1.0,0.1098,,,
cursive-name,Name and word tracing,standard,0.8108,0.5926,0.6314,0.8895,0.6065,0.6118,1.0,1.0,0.1098,,,
cursive-name,Name and word tracing,broad_fade_72,0.5047,0.0533,0.7333,0.433,0.0573,0.7216,1.0,1.0,0.3529,,,
cursive-name,Name and word tracing,role_aware_75,0.8102,0.5917,0.6314,0.8895,0.6065,0.6118,1.0,1.0,0.3294,,,
cursive-name,Name and word tracing,high_contrast,1.0,1.0,0.0,0.9498,0.9496,0.0,1.0,1.0,0.1098,,,
cursive-name-long,Name and word tracing,standard,0.8113,0.5928,0.6314,0.8918,0.6121,0.6118,1.0,1.0,0.1098,,,
cursive-name-long,Name and word tracing,broad_fade_72,0.502,0.0469,0.7333,0.4394,0.0584,0.7176,1.0,1.0,0.3529,,,
cursive-name-long,Name and word tracing,role_aware_75,0.8107,0.5918,0.6314,0.8918,0.6121,0.6118,1.0,1.0,0.3294,,,
cursive-name-long,Name and word tracing,high_contrast,1.0,1.0,0.0,0.9512,0.9509,0.0,1.0,1.0,0.1098,,,
mom-in-cursive,Name and word tracing,standard,0.8063,0.588,0.6314,0.8957,0.6237,0.6118,1.0,1.0,0.1098,,,
mom-in-cursive,Name and word tracing,broad_fade_72,0.5006,0.0448,0.7333,0.4454,0.0525,0.7176,1.0,1.0,0.3529,,,
mom-in-cursive,Name and word tracing,role_aware_75,0.8059,0.5873,0.6314,0.8957,0.6237,0.6118,1.0,1.0,0.3294,,,
mom-in-cursive,Name and word tracing,high_contrast,1.0,1.0,0.0,0.9542,0.9539,0.0,1.0,1.0,0.1098,,,
calligraphy-name,Name and word tracing,standard,,,,0.9557,0.761,0.6314,0.9779,0.8975,0.1098,,,
calligraphy-name,Name and word tracing,broad_fade_72,,,,0.7003,0.2832,0.6902,0.9778,0.8974,0.3529,,,
calligraphy-name,Name and word tracing,role_aware_75,,,,0.9557,0.761,0.6314,0.9778,0.8974,0.3294,,,
calligraphy-name,Name and word tracing,high_contrast,,,,0.9816,0.9049,0.2824,0.9779,0.8975,0.1098,,,
de-namen-schreiben,Name and word tracing,standard,0.8608,0.661,0.6314,0.859,0.5116,0.6431,1.0,1.0,0.1098,,,
de-namen-schreiben,Name and word tracing,broad_fade_72,0.4865,0.0398,0.7333,0.2773,0.0333,0.7373,1.0,1.0,0.3529,,,
de-namen-schreiben,Name and word tracing,role_aware_75,0.8606,0.6606,0.6314,0.859,0.5116,0.6431,1.0,1.0,0.3294,,,
de-namen-schreiben,Name and word tracing,high_contrast,1.0,1.0,0.0,0.928,0.9278,0.0353,1.0,1.0,0.1098,,,
de-schreibuebungen,Name and word tracing,standard,0.8909,0.6251,0.6314,0.9181,0.5423,0.7882,1.0,1.0,0.1098,,,
de-schreibuebungen,Name and word tracing,broad_fade_72,0.5127,0.037,0.7333,0.7488,0.0003,0.8431,1.0,1.0,0.3529,,,
de-schreibuebungen,Name and word tracing,role_aware_75,0.8909,0.625,0.6314,0.9181,0.5423,0.7882,1.0,1.0,0.3294,,,
de-schreibuebungen,Name and word tracing,high_contrast,1.0,1.0,0.0,0.439,0.4301,0.9451,1.0,1.0,0.1098,,,
fr-prenom,Name and word tracing,standard,0.4301,0.3304,0.8,0.7361,0.6229,0.6784,1.0,1.0,0.1098,,,
fr-prenom,Name and word tracing,broad_fade_72,0.2773,0.0317,0.8549,0.5034,0.0757,0.7686,1.0,1.0,0.3529,,,
fr-prenom,Name and word tracing,role_aware_75,0.4295,0.3298,0.8,0.7361,0.6229,0.6784,1.0,1.0,0.3294,,,
fr-prenom,Name and word tracing,high_contrast,1.0,1.0,0.0,0.7891,0.7896,0.0314,1.0,1.0,0.1098,,,
pl-imie,Name and word tracing,standard,0.7879,0.6222,0.6314,0.8765,0.6954,0.6,1.0,1.0,0.1098,,,
pl-imie,Name and word tracing,broad_fade_72,0.5316,0.074,0.7333,0.5651,0.0887,0.7137,1.0,1.0,0.3529,,,
pl-imie,Name and word tracing,role_aware_75,0.7875,0.6217,0.6314,0.8765,0.6954,0.6,1.0,1.0,0.3294,,,
pl-imie,Name and word tracing,high_contrast,1.0,1.0,0.0,0.9372,0.9385,0.0,1.0,1.0,0.1098,,,
es-nombre,Name and word tracing,standard,0.7905,0.6229,0.6314,0.8918,0.7217,0.5961,1.0,1.0,0.1098,,,
es-nombre,Name and word tracing,broad_fade_72,0.532,0.0674,0.7333,0.5782,0.0633,0.7059,1.0,1.0,0.3529,,,
es-nombre,Name and word tracing,role_aware_75,0.7902,0.6225,0.6314,0.8918,0.7217,0.5961,1.0,1.0,0.3294,,,
es-nombre,Name and word tracing,high_contrast,1.0,1.0,0.0,0.9506,0.9511,0.0,1.0,1.0,0.1098,,,
tr-harf-name,Name and word tracing,standard,,,,0.9479,0.6592,0.6314,0.9999,0.9979,0.1098,,,
tr-harf-name,Name and word tracing,broad_fade_72,,,,0.6775,0.1895,0.6902,0.9998,0.9978,0.3529,,,
tr-harf-name,Name and word tracing,role_aware_75,,,,0.9479,0.6592,0.6314,0.9999,0.9978,0.3294,,,
tr-harf-name,Name and word tracing,high_contrast,,,,0.9748,0.8622,0.1529,0.9999,0.9979,0.1098,,,
block-letters-name,Name and word tracing,standard,,,,0.9521,0.7301,0.6314,0.9944,0.974,0.1098,,,
block-letters-name,Name and word tracing,broad_fade_72,,,,0.6654,0.2192,0.6902,0.9943,0.9739,0.3529,,,
block-letters-name,Name and word tracing,role_aware_75,,,,0.9521,0.7301,0.6314,0.9943,0.9739,0.3294,,,
block-letters-name,Name and word tracing,high_contrast,,,,0.9889,0.9429,0.0902,0.9944,0.974,0.1098,,,
bubble-name,Name and word tracing,standard,,,,0.9504,0.7578,0.6314,0.9819,0.9159,0.1098,,,
bubble-name,Name and word tracing,broad_fade_72,,,,0.7531,0.3793,0.6902,0.9819,0.9159,0.3529,,,
bubble-name,Name and word tracing,role_aware_75,,,,0.9504,0.7578,0.6314,0.9819,0.9159,0.3294,,,
bubble-name,Name and word tracing,high_contrast,,,,0.9753,0.8719,0.6314,0.9819,0.9159,0.1098,,,
bubble-name-solid,Name and word tracing,standard,,,,0.9504,0.7578,0.6314,0.9838,0.9248,0.5412,,,
bubble-name-solid,Name and word tracing,broad_fade_72,,,,0.7531,0.3793,0.6902,0.9838,0.9248,0.6353,,,
bubble-name-solid,Name and word tracing,role_aware_75,,,,0.9504,0.7578,0.6314,0.9838,0.9248,0.6275,,,
bubble-name-solid,Name and word tracing,high_contrast,,,,0.9753,0.8719,0.6314,0.9838,0.9248,0.5412,,,
graffiti-name,Name and word tracing,standard,,,,0.9574,0.7307,0.6314,0.9902,0.9545,0.1098,,,
graffiti-name,Name and word tracing,broad_fade_72,,,,0.692,0.2706,0.6902,0.9902,0.9545,0.3529,,,
graffiti-name,Name and word tracing,role_aware_75,,,,0.9574,0.7307,0.6314,0.9902,0.9545,0.3294,,,
graffiti-name,Name and word tracing,high_contrast,,,,0.9842,0.9183,0.1882,0.9902,0.9545,0.1098,,,
hw-bolddot,Tracing with dark dotted or dashed marks,standard,0.8197,0.6432,0.6314,1.0,1.0,0.1098,1.0,1.0,0.1098,,,
hw-bolddot,Tracing with dark dotted or dashed marks,broad_fade_72,0.5109,0.0509,0.7333,0.9999,0.9998,0.3529,1.0,1.0,0.3529,,,
hw-bolddot,Tracing with dark dotted or dashed marks,role_aware_75,0.8189,0.6419,0.6314,1.0,0.9999,0.3294,1.0,1.0,0.3294,,,
hw-bolddot,Tracing with dark dotted or dashed marks,high_contrast,1.0,1.0,0.0,1.0,1.0,0.0,1.0,1.0,0.1098,,,
hw-finedot,Tracing with dark dotted or dashed marks,standard,0.8163,0.6372,0.6314,1.0,1.0,0.1725,1.0,1.0,0.1098,,,
hw-finedot,Tracing with dark dotted or dashed marks,broad_fade_72,0.5036,0.0435,0.7333,0.9989,0.9975,0.4039,1.0,1.0,0.3529,,,
hw-finedot,Tracing with dark dotted or dashed marks,role_aware_75,0.8158,0.6366,0.6314,0.9994,0.9984,0.3804,1.0,1.0,0.3294,,,
hw-finedot,Tracing with dark dotted or dashed marks,high_contrast,1.0,1.0,0.0,1.0,1.0,0.0,1.0,1.0,0.1098,,,
hw-dashed,Tracing with dark dotted or dashed marks,standard,0.8179,0.6385,0.6314,0.9971,0.997,0.2353,1.0,1.0,0.1098,,,
hw-dashed,Tracing with dark dotted or dashed marks,broad_fade_72,0.5047,0.0438,0.7333,0.9872,0.9853,0.451,1.0,1.0,0.3529,,,
hw-dashed,Tracing with dark dotted or dashed marks,role_aware_75,0.8174,0.6379,0.6314,0.9893,0.9876,0.4275,1.0,1.0,0.3294,,,
hw-dashed,Tracing with dark dotted or dashed marks,high_contrast,1.0,1.0,0.0,0.9988,0.9989,0.0,1.0,1.0,0.1098,,,
sight-word,Tracing with dark dotted or dashed marks,standard,0.8155,0.6355,0.6314,1.0,1.0,0.1098,1.0,1.0,0.1098,,,
sight-word,Tracing with dark dotted or dashed marks,broad_fade_72,0.5028,0.0414,0.7333,0.9999,0.9997,0.3529,1.0,1.0,0.3529,,,
sight-word,Tracing with dark dotted or dashed marks,role_aware_75,0.8151,0.635,0.6314,1.0,0.9999,0.3294,1.0,1.0,0.3294,,,
sight-word,Tracing with dark dotted or dashed marks,high_contrast,1.0,1.0,0.0,1.0,1.0,0.0,1.0,1.0,0.1098,,,
letter-tracing-gen,Tracing with dark dotted or dashed marks,standard,0.8144,0.6326,0.6314,1.0,1.0,0.1098,1.0,1.0,0.1098,,,
letter-tracing-gen,Tracing with dark dotted or dashed marks,broad_fade_72,0.4996,0.0369,0.7333,1.0,0.9999,0.3529,1.0,1.0,0.3529,,,
letter-tracing-gen,Tracing with dark dotted or dashed marks,role_aware_75,0.8141,0.6322,0.6314,1.0,1.0,0.3294,1.0,1.0,0.3294,,,
letter-tracing-gen,Tracing with dark dotted or dashed marks,high_contrast,1.0,1.0,0.0,1.0,1.0,0.0,1.0,1.0,0.1098,,,
happy-birthday,Tracing with dark dotted or dashed marks,standard,0.6922,0.2864,0.6314,1.0,0.9999,0.1098,1.0,1.0,0.1098,,,
happy-birthday,Tracing with dark dotted or dashed marks,broad_fade_72,0.1192,0.0308,0.7333,0.9981,0.9945,0.3529,1.0,1.0,0.3529,,,
happy-birthday,Tracing with dark dotted or dashed marks,role_aware_75,0.6901,0.2824,0.6314,0.9984,0.996,0.3294,1.0,1.0,0.3294,,,
happy-birthday,Tracing with dark dotted or dashed marks,high_contrast,1.0,1.0,0.0,1.0,0.9999,0.0,1.0,1.0,0.1098,,,
name-tracing,Name and word tracing,page_wide_fade_75,0.573,0.1242,0.7216,0.4928,0.0679,0.7176,1.0,1.0,0.3294,,,
hw-bolddot,Tracing with dark dotted or dashed marks,page_wide_fade_75,0.5594,0.0778,0.7216,1.0,0.9999,0.3294,1.0,1.0,0.3294,,,
hw-faded,Name and word tracing,page_wide_fade_75,0.5603,0.0711,0.7216,0.7759,0.011,0.8392,1.0,1.0,0.3294,,,
hw-faint,Name and word tracing,page_wide_fade_75,0.5525,0.0693,0.7216,0.0,0.0,0.8941,1.0,1.0,0.3294,,,
hw-dashed,Tracing with dark dotted or dashed marks,page_wide_fade_75,0.5543,0.0699,0.7216,0.9891,0.9874,0.4314,1.0,1.0,0.3294,,,
cursive-name,Name and word tracing,page_wide_fade_75,0.554,0.0848,0.7216,0.5145,0.0746,0.7098,1.0,1.0,0.3294,,,
fr-prenom,Name and word tracing,page_wide_fade_75,0.284,0.0535,0.8471,0.5432,0.1021,0.7608,1.0,1.0,0.3294,,,
de-namen-schreiben,Name and word tracing,page_wide_fade_75,0.5768,0.0692,0.7216,0.3713,0.0455,0.7294,1.0,1.0,0.3294,,,
pl-imie,Name and word tracing,page_wide_fade_75,0.5419,0.1167,0.7216,0.6132,0.1153,0.702,1.0,1.0,0.3294,,,
word-search,Word search,standard,,,,,,,,,,0.9958,0.9678,0.1098
word-search,Word search,broad_fade_72,,,,,,,,,,0.9571,0.9483,0.3529
word-search,Word search,page_wide_fade_75,,,,,,,,,,0.9699,0.9483,0.3294
word-search,Word search,lighter_dark_marks_75,,,,,,,,,,0.9956,0.9676,0.3294
word-search,Word search,high_contrast,,,,,,,,,,0.9958,0.9678,0.1098
crossword,Crossword,standard,,,,,,,,,,1.0,1.0,0.2314
crossword,Crossword,broad_fade_72,,,,,,,,,,0.9998,0.9997,0.4431
crossword,Crossword,page_wide_fade_75,,,,,,,,,,0.9998,0.9998,0.4235
crossword,Crossword,lighter_dark_marks_75,,,,,,,,,,0.9998,0.9998,0.4235
crossword,Crossword,high_contrast,,,,,,,,,,1.0,1.0,0.2314
