case,treatment,component,median_tone_step_clean,median_tone_step_screened,visible_screened_at_0.05,visible_screened_at_0.08,visible_screened_at_0.15
name-tracing,standard,writing_guides,0.2202,0.1728,0.9395,0.8829,0.6826
name-tracing,standard,trace_rows,0.1998,0.1595,0.9738,0.9607,0.6053
name-tracing,broad_fade_72,writing_guides,0.1593,0.108,0.9006,0.8051,0.0921
name-tracing,broad_fade_72,trace_rows,0.1457,0.1105,0.9616,0.8708,0.0481
name-tracing,role_aware_75,writing_guides,0.2202,0.1726,0.9394,0.8825,0.6819
name-tracing,role_aware_75,trace_rows,0.1998,0.1595,0.9738,0.9607,0.6053
cursive-name,standard,writing_guides,0.2086,0.1601,0.9514,0.873,0.5926
cursive-name,standard,trace_rows,0.2008,0.1595,0.9495,0.9413,0.6065
cursive-name,broad_fade_72,writing_guides,0.1513,0.1064,0.8866,0.7813,0.0533
cursive-name,broad_fade_72,trace_rows,0.1465,0.1096,0.9426,0.86,0.0573
cursive-name,role_aware_75,writing_guides,0.2086,0.1601,0.9513,0.8727,0.5917
cursive-name,role_aware_75,trace_rows,0.2008,0.1595,0.9495,0.9413,0.6065
hw-faded,standard,writing_guides,0.2076,0.1631,0.9552,0.8465,0.6434
hw-faded,standard,trace_rows,0.2117,0.1562,0.9991,0.9758,0.5964
hw-faded,broad_fade_72,writing_guides,0.1502,0.1043,0.8706,0.7194,0.0444
hw-faded,broad_fade_72,trace_rows,0.1568,0.0938,0.9715,0.7851,0.0047
hw-faded,role_aware_75,writing_guides,0.2076,0.1631,0.9552,0.8463,0.6429
hw-faded,role_aware_75,trace_rows,0.2117,0.1562,0.9991,0.9758,0.5964
