case,worksheet_type,printed_sheets,wd_standard_pct,ttc_standard_pct,share_credit_qr_pct,share_credit_web_address_pct,share_heading_pct,share_name_date_line_pct,share_writing_guides_pct,share_example_row_pct,share_trace_rows_pct,share_other_marks_pct,broad_fade_saving_pct,broad_fade_points_saved,high_contrast_saving_pct,high_contrast_points_saved
hw-bolddot,Tracing with dark dotted or dashed marks,1,2.2996,3.8552,13.25,2.31,7.89,2.2,18.13,26.94,29.12,0.16,24.04,0.5528,-50.41,-1.1591
hw-finedot,Tracing with dark dotted or dashed marks,1,1.8604,3.0358,16.37,2.86,9.22,2.73,22.41,33.3,12.93,0.19,23.4,0.4353,-60.72,-1.1297
hw-dashed,Tracing with dark dotted or dashed marks,1,1.9285,3.11,15.79,2.76,7.61,2.63,21.61,32.13,17.28,0.19,23.94,0.4617,-61.24,-1.1811
hw-faded,Name and word tracing,1,2.0709,3.3334,14.71,2.57,8.93,2.45,19.64,29.92,21.13,0.66,23.32,0.483,-73.23,-1.5166
hw-faint,Name and word tracing,1,1.6278,2.6851,18.71,3.27,10.59,3.11,25.62,38.06,0.42,0.21,22.74,0.3702,-68.89,-1.1214
hw-sentence-faded,Name and word tracing,1,1.9923,3.2332,15.29,2.67,21.24,2.54,9.64,28.11,19.95,0.57,20.0,0.3985,-44.25,-0.8816
name-tracing,Name and word tracing,1,2.3824,3.977,12.28,1.49,4.83,2.13,17.3,49.1,11.26,1.61,25.1,0.598,-64.72,-1.542
name-tracing-roster,Name and word tracing,4,2.3482,3.9149,12.46,1.51,0.0,2.16,18.7,51.61,12.24,1.32,26.38,0.6195,-72.87,-1.7112
sight-word,Tracing with dark dotted or dashed marks,1,1.5271,2.4892,19.22,2.61,9.05,3.32,27.4,18.12,20.15,0.12,23.29,0.3557,-73.37,-1.1204
letter-tracing-gen,Tracing with dark dotted or dashed marks,1,1.2796,2.0503,23.08,2.76,9.72,3.96,32.77,13.39,14.24,0.08,22.87,0.2926,-86.56,-1.1076
cursive-name,Name and word tracing,1,2.724,4.5183,10.51,1.29,3.97,1.86,14.0,50.76,15.66,1.94,25.45,0.6932,-67.52,-1.8393
cursive-name-long,Name and word tracing,1,2.5134,4.1493,11.39,1.4,6.04,2.02,15.45,47.01,14.86,1.83,24.8,0.6234,-70.07,-1.761
mom-in-cursive,Name and word tracing,1,2.2705,3.7397,13.41,1.59,4.5,2.23,17.49,45.22,13.91,1.64,25.11,0.5702,-74.01,-1.6803
calligraphy-name,Name and word tracing,1,1.2618,2.102,22.16,2.92,11.19,3.82,0.0,35.69,19.59,4.63,18.7,0.2359,-21.17,-0.2671
happy-birthday,Tracing with dark dotted or dashed marks,1,2.6396,4.4936,10.74,1.73,7.37,1.92,11.76,38.94,26.55,0.99,24.46,0.6457,-38.26,-1.0099
de-namen-schreiben,Name and word tracing,1,2.7528,4.425,9.95,1.62,5.56,1.97,32.27,37.26,6.11,5.25,24.86,0.6844,-73.5,-2.0234
de-schreibuebungen,Name and word tracing,1,2.2816,3.5205,12.43,1.99,8.2,2.38,42.46,18.4,12.0,2.14,23.79,0.5428,-94.54,-2.1569
fr-prenom,Name and word tracing,1,2.4324,3.9716,11.78,1.63,4.69,2.2,28.21,40.23,8.05,3.21,25.06,0.6096,-127.11,-3.0919
pl-imie,Name and word tracing,1,2.3071,3.8511,12.42,1.6,5.67,1.93,17.5,47.67,11.02,2.2,24.9,0.5744,-69.35,-1.6001
es-nombre,Name and word tracing,1,2.1303,3.5401,12.52,2.0,5.18,2.74,19.7,46.08,10.14,1.64,24.69,0.5259,-72.85,-1.5519
tr-harf-name,Name and word tracing,1,2.0973,3.6496,13.07,1.69,4.95,1.79,0.0,60.59,15.28,2.64,22.97,0.4818,-19.05,-0.3996
cursive-alphabet,Letter practice list,2,0.9188,1.493,15.84,2.11,9.09,0.0,0.0,42.89,8.26,21.82,4.35,0.04,0.0,0.0
calligraphy-alphabet,Letter practice list,2,0.7926,1.2811,17.9,2.73,13.31,0.0,0.0,34.19,6.58,25.3,4.92,0.039,0.0,0.0
letter-tracing-ruled,Letter practice list,5,0.4017,0.5906,14.7,1.68,8.49,0.0,0.0,42.08,5.26,27.8,15.63,0.0628,0.0,0.0
block-letters,Outline alphabet,3,1.7931,3.011,5.38,0.65,2.39,0.0,0.0,0.0,0.0,91.57,26.66,0.478,0.0,0.0
block-letters-name,Name and word tracing,1,2.9652,5.2195,9.33,1.09,4.92,1.62,0.0,67.36,13.7,1.97,23.73,0.7037,-17.86,-0.5296
bubble-letters,Outline alphabet,3,1.4998,2.3943,20.11,2.45,5.34,0.0,0.0,0.0,0.0,72.1,20.66,0.3098,0.0,0.0
graffiti-letters,Outline alphabet,3,1.4337,2.275,20.82,2.55,5.49,0.0,0.0,0.0,0.0,71.14,20.37,0.2921,0.0,0.0
alphabet-coloring,Outline alphabet,3,1.4248,2.2564,20.3,3.24,6.89,0.0,0.0,0.0,0.0,69.57,19.76,0.2816,0.0,0.0
spanish-chart,Outline alphabet,2,1.7435,2.756,17.23,2.55,4.18,0.0,0.0,0.0,0.0,76.04,21.15,0.3688,0.0,0.0
name-puzzle,Outline alphabet,1,1.1193,1.8903,26.49,3.63,0.0,0.0,0.0,0.0,0.0,69.88,21.02,0.2353,0.0,0.0
bubble-name,Name and word tracing,1,1.266,2.1659,21.61,2.63,7.6,3.8,0.0,45.44,14.3,4.62,19.79,0.2506,-12.27,-0.1554
coloring-page,Coloring and dot-to-dot,1,0.76,1.2208,37.06,5.56,0.0,0.0,0.0,0.0,0.0,57.38,25.71,0.1954,0.0,0.0
coloring-page-stripes-stars,Coloring and dot-to-dot,1,1.5081,2.4705,18.68,2.8,0.0,0.0,9.56,0.0,0.0,68.96,26.54,0.4002,0.0,0.0
dot-to-dot-name,Coloring and dot-to-dot,1,0.9059,1.5281,32.51,4.12,0.0,0.0,0.0,0.0,0.0,63.37,26.13,0.2367,0.0,0.0
banner,Display lettering,3,3.0133,5.4096,9.63,1.2,5.24,0.0,0.0,0.0,0.0,83.93,25.34,0.7636,0.0,0.0
monogram-classic,Display lettering,1,3.2757,6.0636,0.0,0.0,0.0,0.0,0.0,0.0,0.0,100.0,27.8,0.9108,0.0,0.0
monogram-circle,Display lettering,1,4.4741,8.1524,0.0,0.0,0.0,0.0,0.0,0.0,0.0,100.0,27.65,1.2371,0.0,0.0
bubble-name-solid,Name and word tracing,1,1.1392,1.9573,24.01,2.92,8.45,4.23,0.0,39.36,15.9,5.13,18.88,0.2151,-13.64,-0.1554
graffiti-name,Name and word tracing,1,1.9333,3.3553,13.83,1.71,6.39,2.49,0.0,57.74,14.82,3.02,22.05,0.4264,-17.15,-0.3316
word-search,Word search,1,4.8543,8.58,5.57,0.76,2.3,1.25,0.0,0.0,0.0,90.12,25.25,1.2256,0.0,0.0
word-search-hard,Word search,1,4.8762,8.62,5.55,0.75,2.29,1.24,0.0,0.0,0.0,90.17,25.26,1.2315,0.0,0.0
crossword,Crossword,1,1.0625,1.5172,14.98,1.91,3.09,3.19,0.0,0.0,0.0,76.82,19.73,0.2097,0.0,0.0
scramble,Word scramble,1,1.1483,1.8201,25.64,3.7,13.16,5.53,0.0,0.0,0.0,51.97,7.04,0.0809,0.0,0.0
cross-stitch-x,Cross-stitch chart,1,2.503,2.9619,0.0,0.0,0.0,0.0,0.0,0.0,0.0,100.0,27.3,0.6832,0.0,0.0
cross-stitch-filled-red,Cross-stitch chart,1,3.4472,8.1597,0.0,0.0,0.0,0.0,0.0,0.0,0.0,100.0,27.45,0.9461,0.0,0.0
letter-block-a,Single outline letter,1,3.0158,5.5077,9.69,1.38,3.51,0.0,0.0,0.0,0.0,85.42,26.15,0.7887,0.0,0.0
letter-bubble-m,Single outline letter,1,4.5251,8.337,6.28,0.96,2.81,0.0,0.0,0.0,0.0,89.95,26.45,1.1971,0.0,0.0
letter-cursive-a,Single outline letter,1,1.4812,2.4608,19.87,3.05,7.62,0.0,14.27,0.0,0.0,55.19,24.5,0.3628,-55.29,-0.8189
letter-calligraphy-g,Single outline letter,1,1.6242,2.801,18.27,3.08,9.79,0.0,0.0,0.0,0.0,68.86,23.96,0.3892,-23.08,-0.3749
letter-dot-a,Coloring and dot-to-dot,1,1.3728,2.4095,21.65,3.46,9.78,0.0,0.0,0.0,0.0,65.12,23.84,0.3273,0.0,0.0
number-coloring-3,Single outline letter,1,1.8546,3.2937,16.25,2.93,10.13,0.0,0.0,0.0,0.0,70.69,23.9,0.4432,0.0,0.0
