slug,image_path,width,height,board,pin_title,pin_description,pin_keywords,pin_alt_text,destination_url,utm_destination_url
symbole-belier,assets/pinterest/fr_zodiaque/symbole-belier.png,1000,1500,Symboles du Zodiaque à Copier-Coller ✨,Symbole Bélier (♈) à Copier-Coller — Zodiaque,"Symbole Bélier (♈) — signe du zodiaque du 21 mars – 19 avril. Copie-le directement sur UltraTextGen, gratuit et sans appli.","symbole bélier, signe bélier symbole, bélier astrologie",Pin vertical en français : symbole Bélier — signe du zodiaque à copier-coller depuis UltraTextGen.,https://ultratextgen.com/fr/symbol/symbole-belier/,https://ultratextgen.com/fr/symbol/symbole-belier/?utm_source=pinterest&utm_medium=social&utm_campaign=fr_zodiaque_pins&utm_content=symbole-belier
symbole-taureau,assets/pinterest/fr_zodiaque/symbole-taureau.png,1000,1500,Symboles du Zodiaque à Copier-Coller ✨,Symbole Taureau (♉) à Copier-Coller — Zodiaque,"Symbole Taureau (♉) — signe du zodiaque du 20 avril – 20 mai. Copie-le directement sur UltraTextGen, gratuit et sans appli.","symbole taureau, signe taureau symbole, taureau astrologie",Pin vertical en français : symbole Taureau — signe du zodiaque à copier-coller depuis UltraTextGen.,https://ultratextgen.com/fr/symbol/symbole-taureau/,https://ultratextgen.com/fr/symbol/symbole-taureau/?utm_source=pinterest&utm_medium=social&utm_campaign=fr_zodiaque_pins&utm_content=symbole-taureau
symbole-gemeaux,assets/pinterest/fr_zodiaque/symbole-gemeaux.png,1000,1500,Symboles du Zodiaque à Copier-Coller ✨,Symbole Gémeaux (♊) à Copier-Coller — Zodiaque,"Symbole Gémeaux (♊) — signe du zodiaque du 21 mai – 20 juin. Copie-le directement sur UltraTextGen, gratuit et sans appli.","symbole gémeaux, signe gémeaux symbole, gémeaux astrologie",Pin vertical en français : symbole Gémeaux — signe du zodiaque à copier-coller depuis UltraTextGen.,https://ultratextgen.com/fr/symbol/symbole-gemeaux/,https://ultratextgen.com/fr/symbol/symbole-gemeaux/?utm_source=pinterest&utm_medium=social&utm_campaign=fr_zodiaque_pins&utm_content=symbole-gemeaux
symbole-lion,assets/pinterest/fr_zodiaque/symbole-lion.png,1000,1500,Symboles du Zodiaque à Copier-Coller ✨,Symbole Lion (♌) à Copier-Coller — Zodiaque,"Symbole Lion (♌) — signe du zodiaque du 23 juillet – 22 août. Copie-le directement sur UltraTextGen, gratuit et sans appli.","symbole lion astrologie, signe lion symbole",Pin vertical en français : symbole Lion — signe du zodiaque à copier-coller depuis UltraTextGen.,https://ultratextgen.com/fr/symbol/symbole-lion/,https://ultratextgen.com/fr/symbol/symbole-lion/?utm_source=pinterest&utm_medium=social&utm_campaign=fr_zodiaque_pins&utm_content=symbole-lion
symbole-vierge,assets/pinterest/fr_zodiaque/symbole-vierge.png,1000,1500,Symboles du Zodiaque à Copier-Coller ✨,Symbole Vierge (♍) à Copier-Coller — Zodiaque,"Symbole Vierge (♍) — signe du zodiaque du 23 août – 22 septembre. Copie-le directement sur UltraTextGen, gratuit et sans appli.","symbole vierge astrologie, signe vierge symbole",Pin vertical en français : symbole Vierge — signe du zodiaque à copier-coller depuis UltraTextGen.,https://ultratextgen.com/fr/symbol/symbole-vierge/,https://ultratextgen.com/fr/symbol/symbole-vierge/?utm_source=pinterest&utm_medium=social&utm_campaign=fr_zodiaque_pins&utm_content=symbole-vierge
symbole-balance,assets/pinterest/fr_zodiaque/symbole-balance.png,1000,1500,Symboles du Zodiaque à Copier-Coller ✨,Symbole Balance (♎) à Copier-Coller — Zodiaque,"Symbole Balance (♎) — signe du zodiaque du 23 septembre – 22 octobre. Copie-le directement sur UltraTextGen, gratuit et sans appli.","symbole balance astrologie, signe balance symbole",Pin vertical en français : symbole Balance — signe du zodiaque à copier-coller depuis UltraTextGen.,https://ultratextgen.com/fr/symbol/symbole-balance/,https://ultratextgen.com/fr/symbol/symbole-balance/?utm_source=pinterest&utm_medium=social&utm_campaign=fr_zodiaque_pins&utm_content=symbole-balance
symbole-scorpion,assets/pinterest/fr_zodiaque/symbole-scorpion.png,1000,1500,Symboles du Zodiaque à Copier-Coller ✨,Symbole Scorpion (♏) à Copier-Coller — Zodiaque,"Symbole Scorpion (♏) — signe du zodiaque du 23 octobre – 21 novembre. Copie-le directement sur UltraTextGen, gratuit et sans appli.","symbole scorpion astrologie, signe scorpion symbole",Pin vertical en français : symbole Scorpion — signe du zodiaque à copier-coller depuis UltraTextGen.,https://ultratextgen.com/fr/symbol/symbole-scorpion/,https://ultratextgen.com/fr/symbol/symbole-scorpion/?utm_source=pinterest&utm_medium=social&utm_campaign=fr_zodiaque_pins&utm_content=symbole-scorpion
symbole-sagittaire,assets/pinterest/fr_zodiaque/symbole-sagittaire.png,1000,1500,Symboles du Zodiaque à Copier-Coller ✨,Symbole Sagittaire (♐) à Copier-Coller — Zodiaque,"Symbole Sagittaire (♐) — signe du zodiaque du 22 novembre – 21 décembre. Copie-le directement sur UltraTextGen, gratuit et sans appli.","symbole sagittaire, signe sagittaire symbole",Pin vertical en français : symbole Sagittaire — signe du zodiaque à copier-coller depuis UltraTextGen.,https://ultratextgen.com/fr/symbol/symbole-sagittaire/,https://ultratextgen.com/fr/symbol/symbole-sagittaire/?utm_source=pinterest&utm_medium=social&utm_campaign=fr_zodiaque_pins&utm_content=symbole-sagittaire
symbole-capricorne,assets/pinterest/fr_zodiaque/symbole-capricorne.png,1000,1500,Symboles du Zodiaque à Copier-Coller ✨,Symbole Capricorne (♑) à Copier-Coller — Zodiaque,"Symbole Capricorne (♑) — signe du zodiaque du 22 décembre – 19 janvier. Copie-le directement sur UltraTextGen, gratuit et sans appli.","symbole capricorne, signe capricorne symbole",Pin vertical en français : symbole Capricorne — signe du zodiaque à copier-coller depuis UltraTextGen.,https://ultratextgen.com/fr/symbol/symbole-capricorne/,https://ultratextgen.com/fr/symbol/symbole-capricorne/?utm_source=pinterest&utm_medium=social&utm_campaign=fr_zodiaque_pins&utm_content=symbole-capricorne
symbole-verseau,assets/pinterest/fr_zodiaque/symbole-verseau.png,1000,1500,Symboles du Zodiaque à Copier-Coller ✨,Symbole Verseau (♒) à Copier-Coller — Zodiaque,"Symbole Verseau (♒) — signe du zodiaque du 20 janvier – 18 février. Copie-le directement sur UltraTextGen, gratuit et sans appli.","symbole verseau astrologie, signe verseau symbole",Pin vertical en français : symbole Verseau — signe du zodiaque à copier-coller depuis UltraTextGen.,https://ultratextgen.com/fr/symbol/symbole-verseau/,https://ultratextgen.com/fr/symbol/symbole-verseau/?utm_source=pinterest&utm_medium=social&utm_campaign=fr_zodiaque_pins&utm_content=symbole-verseau
symbole-poissons,assets/pinterest/fr_zodiaque/symbole-poissons.png,1000,1500,Symboles du Zodiaque à Copier-Coller ✨,Symbole Poissons (♓) à Copier-Coller — Zodiaque,"Symbole Poissons (♓) — signe du zodiaque du 19 février – 20 mars. Copie-le directement sur UltraTextGen, gratuit et sans appli.","symbole poissons astrologie, signe poissons symbole",Pin vertical en français : symbole Poissons — signe du zodiaque à copier-coller depuis UltraTextGen.,https://ultratextgen.com/fr/symbol/symbole-poissons/,https://ultratextgen.com/fr/symbol/symbole-poissons/?utm_source=pinterest&utm_medium=social&utm_campaign=fr_zodiaque_pins&utm_content=symbole-poissons
