Title,Media URL,Pinterest board,Thumbnail,Description,Link,Publish date,Keywords
Symbole Bélier (♈) à Copier-Coller — Zodiaque,https://media.ultratextgen.com/pinterest/boards/fr_zodiaque/symbole-belier.png,Symboles du Zodiaque à Copier-Coller ✨,,"Symbole Bélier (♈) — signe du zodiaque du 21 mars – 19 avril. Copie-le directement sur UltraTextGen, gratuit et sans appli.",https://ultratextgen.com/fr/symbol/symbole-belier/?utm_source=pinterest&utm_medium=social&utm_campaign=fr_zodiaque_pins&utm_content=symbole-belier,,"symbole bélier, signe bélier symbole, bélier astrologie"
Symbole Taureau (♉) à Copier-Coller — Zodiaque,https://media.ultratextgen.com/pinterest/boards/fr_zodiaque/symbole-taureau.png,Symboles du Zodiaque à Copier-Coller ✨,,"Symbole Taureau (♉) — signe du zodiaque du 20 avril – 20 mai. Copie-le directement sur UltraTextGen, gratuit et sans appli.",https://ultratextgen.com/fr/symbol/symbole-taureau/?utm_source=pinterest&utm_medium=social&utm_campaign=fr_zodiaque_pins&utm_content=symbole-taureau,,"symbole taureau, signe taureau symbole, taureau astrologie"
Symbole Gémeaux (♊) à Copier-Coller — Zodiaque,https://media.ultratextgen.com/pinterest/boards/fr_zodiaque/symbole-gemeaux.png,Symboles du Zodiaque à Copier-Coller ✨,,"Symbole Gémeaux (♊) — signe du zodiaque du 21 mai – 20 juin. Copie-le directement sur UltraTextGen, gratuit et sans appli.",https://ultratextgen.com/fr/symbol/symbole-gemeaux/?utm_source=pinterest&utm_medium=social&utm_campaign=fr_zodiaque_pins&utm_content=symbole-gemeaux,,"symbole gémeaux, signe gémeaux symbole, gémeaux astrologie"
Symbole Lion (♌) à Copier-Coller — Zodiaque,https://media.ultratextgen.com/pinterest/boards/fr_zodiaque/symbole-lion.png,Symboles du Zodiaque à Copier-Coller ✨,,"Symbole Lion (♌) — signe du zodiaque du 23 juillet – 22 août. Copie-le directement sur UltraTextGen, gratuit et sans appli.",https://ultratextgen.com/fr/symbol/symbole-lion/?utm_source=pinterest&utm_medium=social&utm_campaign=fr_zodiaque_pins&utm_content=symbole-lion,,"symbole lion astrologie, signe lion symbole"
Symbole Vierge (♍) à Copier-Coller — Zodiaque,https://media.ultratextgen.com/pinterest/boards/fr_zodiaque/symbole-vierge.png,Symboles du Zodiaque à Copier-Coller ✨,,"Symbole Vierge (♍) — signe du zodiaque du 23 août – 22 septembre. Copie-le directement sur UltraTextGen, gratuit et sans appli.",https://ultratextgen.com/fr/symbol/symbole-vierge/?utm_source=pinterest&utm_medium=social&utm_campaign=fr_zodiaque_pins&utm_content=symbole-vierge,,"symbole vierge astrologie, signe vierge symbole"
Symbole Balance (♎) à Copier-Coller — Zodiaque,https://media.ultratextgen.com/pinterest/boards/fr_zodiaque/symbole-balance.png,Symboles du Zodiaque à Copier-Coller ✨,,"Symbole Balance (♎) — signe du zodiaque du 23 septembre – 22 octobre. Copie-le directement sur UltraTextGen, gratuit et sans appli.",https://ultratextgen.com/fr/symbol/symbole-balance/?utm_source=pinterest&utm_medium=social&utm_campaign=fr_zodiaque_pins&utm_content=symbole-balance,,"symbole balance astrologie, signe balance symbole"
Symbole Scorpion (♏) à Copier-Coller — Zodiaque,https://media.ultratextgen.com/pinterest/boards/fr_zodiaque/symbole-scorpion.png,Symboles du Zodiaque à Copier-Coller ✨,,"Symbole Scorpion (♏) — signe du zodiaque du 23 octobre – 21 novembre. Copie-le directement sur UltraTextGen, gratuit et sans appli.",https://ultratextgen.com/fr/symbol/symbole-scorpion/?utm_source=pinterest&utm_medium=social&utm_campaign=fr_zodiaque_pins&utm_content=symbole-scorpion,,"symbole scorpion astrologie, signe scorpion symbole"
Symbole Sagittaire (♐) à Copier-Coller — Zodiaque,https://media.ultratextgen.com/pinterest/boards/fr_zodiaque/symbole-sagittaire.png,Symboles du Zodiaque à Copier-Coller ✨,,"Symbole Sagittaire (♐) — signe du zodiaque du 22 novembre – 21 décembre. Copie-le directement sur UltraTextGen, gratuit et sans appli.",https://ultratextgen.com/fr/symbol/symbole-sagittaire/?utm_source=pinterest&utm_medium=social&utm_campaign=fr_zodiaque_pins&utm_content=symbole-sagittaire,,"symbole sagittaire, signe sagittaire symbole"
Symbole Capricorne (♑) à Copier-Coller — Zodiaque,https://media.ultratextgen.com/pinterest/boards/fr_zodiaque/symbole-capricorne.png,Symboles du Zodiaque à Copier-Coller ✨,,"Symbole Capricorne (♑) — signe du zodiaque du 22 décembre – 19 janvier. Copie-le directement sur UltraTextGen, gratuit et sans appli.",https://ultratextgen.com/fr/symbol/symbole-capricorne/?utm_source=pinterest&utm_medium=social&utm_campaign=fr_zodiaque_pins&utm_content=symbole-capricorne,,"symbole capricorne, signe capricorne symbole"
Symbole Verseau (♒) à Copier-Coller — Zodiaque,https://media.ultratextgen.com/pinterest/boards/fr_zodiaque/symbole-verseau.png,Symboles du Zodiaque à Copier-Coller ✨,,"Symbole Verseau (♒) — signe du zodiaque du 20 janvier – 18 février. Copie-le directement sur UltraTextGen, gratuit et sans appli.",https://ultratextgen.com/fr/symbol/symbole-verseau/?utm_source=pinterest&utm_medium=social&utm_campaign=fr_zodiaque_pins&utm_content=symbole-verseau,,"symbole verseau astrologie, signe verseau symbole"
Symbole Poissons (♓) à Copier-Coller — Zodiaque,https://media.ultratextgen.com/pinterest/boards/fr_zodiaque/symbole-poissons.png,Symboles du Zodiaque à Copier-Coller ✨,,"Symbole Poissons (♓) — signe du zodiaque du 19 février – 20 mars. Copie-le directement sur UltraTextGen, gratuit et sans appli.",https://ultratextgen.com/fr/symbol/symbole-poissons/?utm_source=pinterest&utm_medium=social&utm_campaign=fr_zodiaque_pins&utm_content=symbole-poissons,,"symbole poissons astrologie, signe poissons symbole"
