colour,kind,area_nominal,pitch_mm,lpi,marked_area,total_tonal_coverage,weighted_darkness,perceived_L,perceived_a,perceived_b,pattern_visibility_rms,rescreen_visibility_rms,rescreen_lowfreq_rms,rescreen_coverage,pc1_mean_tone,pc2_mean_tone,pc2_visibility_rms,svg_bytes,pdf_bytes,pdf_images,pdf_xobjects,pdf_pattern_objects,pdf_content_bytes,png300_bytes,mupdf_ttc,pdfium_ttc,resvg_ttc,t_pdf,de2000_vs_equal_tint,ttc_ratio_vs_equal_tint
navy,flat_full,1,,nan,1,1.61164,0.644854,43.0264,11.9322,-53.8313,2.38419e-07,0.0238968,0.0206321,0.710378,0.681077,0.726318,0.00342366,231,892,0,0,0,168,3179,1.61224,1.61164,1.61164,0.0130918,,
navy,flat_tint,0.15,,nan,0,0.197896,0.0962369,91.77,-1.45627,-7.07797,7.15256e-07,0.0217813,0.0200664,0.0666907,0.011961,0.0119382,0.00140619,231,893,0,0,0,168,3094,0.202481,0.197896,0.197896,0.0161058,,
navy,halftone,0.15,0.35,72.5714,0.122357,0.222204,0.0952737,91.5639,-1.35107,-7.84623,0.00376708,0.0263087,0.00194307,0.0902491,0.0211362,0.0119382,0.00140619,454,2901,0,0,1,165,349684,0.173073,0.177122,0.235592,0.0112188,0.615555,1.12283
navy,halftone,0.15,0.5,50.8,0.13195,0.226472,0.0958374,91.5181,-1.35664,-7.88174,0.0246466,0.0323031,0.00814613,0.0942934,0.0419676,0.0119859,0.00147726,454,4595,0,0,1,165,303306,0.149636,0.152865,0.216804,0.0115315,0.644845,1.1444
navy,halftone,0.15,1,25.4,0.142169,0.230863,0.0946209,91.6319,-1.34048,-7.76837,0.106854,0.1152,0.00446376,0.0991571,0.0771519,0.0491384,0.0436912,456,55951,0,0,1,165,180738,0.204362,0.20795,0.226569,0.0222029,0.557356,1.16659
navy,halftone,0.15,2,12.7,0.144241,0.233384,0.0945846,91.6296,-1.3401,-7.76697,0.171136,0.186946,0.00335333,0.101557,0.0945966,0.0833671,0.137658,456,57896,0,0,1,165,107770,0.20241,0.202884,0.241429,0.0145011,0.55676,1.17933
navy,dither_fs,0.15,4.064,nan,0.143989,0.218503,0.0928628,91.7853,-1.34259,-7.63875,0.00969396,0.0359048,0.00695497,0.0909786,0.0139583,0.0119382,0.00140619,1427,59947,0,0,1,165,337911,0.233819,0.233409,0.232059,0.0201665,0.457851,1.10413
navy,flat_tint,0.3,,nan,0,0.405018,0.192757,82.5052,-1.61423,-17.4053,1.78814e-07,0.0156388,0.0128906,0.137131,0.115956,0.0245612,0.00263142,231,891,0,0,0,168,3157,0.409256,0.405018,0.405018,0.009748,,
navy,halftone,0.3,0.35,72.5714,0.273965,0.463584,0.193882,82.8046,-2.27752,-16.0805,0.00598457,0.0352006,0.00467234,0.194635,0.117707,0.0274376,0.00305034,454,2901,0,0,1,165,510805,0.283118,0.283824,0.483219,0.0162941,1.0261,1.1446
navy,halftone,0.3,0.5,50.8,0.297848,0.481772,0.200345,82.2312,-2.29901,-16.5888,0.0382512,0.0460853,0.00916318,0.203647,0.134444,0.0567143,0.00907521,454,7009,0,0,1,165,464622,0.304679,0.307419,0.439412,0.00966257,0.869698,1.18951
navy,halftone,0.3,1,25.4,0.289668,0.470002,0.191455,83.0374,-2.22374,-15.8062,0.155009,0.170278,0.00652232,0.203554,0.165204,0.127911,0.102693,456,57539,0,0,1,165,266163,0.434493,0.436251,0.457813,0.0184568,1.14411,1.16045
navy,halftone,0.3,2,12.7,0.294342,0.473954,0.19144,83.0458,-2.22369,-15.7874,0.231087,0.254629,0.00579199,0.207181,0.189071,0.177236,0.21778,456,64153,0,0,1,165,148542,0.414353,0.41367,0.483225,0.0148466,1.15409,1.17021
navy,dither_fs,0.3,4.064,nan,0.297794,0.452637,0.192035,82.9613,-2.26826,-15.9259,0.00570804,0.0318143,0.0121493,0.1903,0.115058,0.0244941,0.00427864,1483,62608,0,0,1,165,597750,0.510113,0.509806,0.479937,0.0318175,1.10713,1.11757
navy,flat_tint,0.55,,nan,1,0.7918,0.35586,68.129,-0.710599,-30.9788,0,0.0240411,0.0208501,0.290414,0.319835,0.274766,0.00342366,231,893,0,0,0,168,3162,0.794144,0.7918,0.7918,0.00704665,,
navy,halftone,0.55,0.35,72.5714,0.534534,0.87934,0.363547,67.6403,-1.9294,-30.4426,0.00636128,0.0341115,0.00834424,0.374808,0.329443,0.286776,0.00405646,454,2900,0,0,1,165,617434,0.679604,0.681544,0.885524,0.0206969,0.901772,1.11056
navy,halftone,0.55,0.5,50.8,0.521188,0.84077,0.345517,69.2688,-2.13679,-28.8575,0.0410911,0.0582838,0.018466,0.360882,0.306926,0.258629,0.014366,454,6815,0,0,1,165,544031,0.693051,0.694894,0.827304,0.0146462,1.21679,1.06185
navy,halftone,0.55,1,25.4,0.523464,0.843824,0.342363,69.5888,-2.21794,-28.5318,0.162322,0.182471,0.00987667,0.367033,0.317185,0.28306,0.142925,456,49096,0,0,1,165,350932,0.845298,0.843497,0.841818,0.0201483,1.45113,1.0657
navy,halftone,0.55,2,12.7,0.543833,0.875168,0.352497,68.6992,-2.14385,-29.365,0.240647,0.268156,0.0106347,0.383415,0.349074,0.339905,0.255805,456,55350,0,0,1,165,195730,0.849792,0.848656,0.887284,0.015297,0.940357,1.10529
navy,dither_fs,0.55,4.064,nan,0.550388,0.853475,0.354917,68.3831,-1.93927,-29.7881,0.00431287,0.0300766,0.0177936,0.358101,0.318655,0.273291,0.00536292,1287,59907,0,0,1,165,564153,0.732498,0.729278,0.887028,0.021821,0.743919,1.07789
red,flat_full,1,,nan,1,1.62161,0.634202,51.5409,64.5526,43.0146,3.27826e-07,0.0257192,0.0233775,0.698281,0.667763,0.709675,0.00342366,231,892,0,0,0,166,3154,1.6322,1.62161,1.62161,0.00613696,,
red,flat_tint,0.15,,nan,0,0.222858,0.0959702,91.1636,9.26903,3.39387,3.57628e-07,0.0217272,0.0200259,0.0664997,0.011961,0.0119382,0.00140619,231,889,0,0,0,168,3083,0.219608,0.222858,0.222858,0.00601648,,
red,halftone,0.15,0.35,72.5714,0.106954,0.232753,0.0936982,91.7959,8.65413,3.47604,0.00370447,0.0263861,0.00210995,0.0884152,0.0203354,0.0119382,0.00140619,454,2899,0,0,1,165,335715,0.194304,0.190985,0.248036,0.00880825,0.707492,1.0444
red,halftone,0.15,0.5,50.8,0.117535,0.235344,0.0941633,91.7517,8.6527,3.50698,0.0242234,0.0321021,0.00838007,0.092382,0.0406732,0.0119781,0.00145894,454,4597,0,0,1,165,290809,0.173489,0.178713,0.22507,0.00958496,0.699816,1.05603
red,halftone,0.15,1,25.4,0.136025,0.235557,0.0930435,91.8557,8.49295,3.44416,0.10508,0.113231,0.00477612,0.0973855,0.075463,0.0475575,0.0420361,456,55288,0,0,1,165,174038,0.226685,0.230513,0.23114,0.0154803,0.852479,1.05698
red,halftone,0.15,2,12.7,0.14101,0.236601,0.0930213,91.856,8.47534,3.43936,0.168309,0.183844,0.00371699,0.0998118,0.0927558,0.0812762,0.13401,456,55903,0,0,1,165,103774,0.214582,0.215524,0.244709,0.013778,0.866534,1.06167
red,dither_fs,0.15,4.064,nan,0.13861,0.227723,0.0913199,92.0077,8.44924,3.42121,0.0095307,0.0361228,0.00656696,0.0886353,0.0134695,0.0119382,0.00140619,1427,59208,0,0,1,165,333089,0.249671,0.249508,0.233494,0.0303756,0.934719,1.02183
red,flat_tint,0.3,,nan,0,0.452425,0.189419,83.5316,16.4664,8.58524,5.36442e-07,0.0139005,0.0110633,0.134587,0.111784,0.0208277,0.00245161,231,889,0,0,0,168,3138,0.453993,0.452425,0.452425,0.00566568,,
red,halftone,0.3,0.35,72.5714,0.252396,0.478669,0.190696,83.397,18.3443,7.60369,0.00588735,0.0354359,0.00518117,0.190572,0.113781,0.0240406,0.00278281,454,2902,0,0,1,165,491157,0.323608,0.32875,0.501045,0.0104649,1.61227,1.05801
red,halftone,0.3,0.5,50.8,0.276239,0.496015,0.197088,82.8449,18.9805,7.85995,0.0376232,0.0452641,0.00910748,0.19988,0.130716,0.0532533,0.0086342,454,7084,0,0,1,165,443444,0.339144,0.345108,0.451987,0.00763749,1.94385,1.09635
red,halftone,0.3,1,25.4,0.280501,0.477891,0.188291,83.5859,18.0191,7.39513,0.15245,0.167372,0.00718887,0.199925,0.1616,0.124062,0.0998288,456,56841,0,0,1,165,252712,0.474266,0.476738,0.465208,0.0202476,1.52637,1.05629
red,halftone,0.3,2,12.7,0.289394,0.479524,0.188276,83.5796,17.9987,7.36761,0.227268,0.250423,0.00660545,0.203581,0.185265,0.172755,0.212463,456,62803,0,0,1,165,142885,0.438733,0.438479,0.488592,0.0153941,1.52952,1.0599
red,dither_fs,0.3,4.064,nan,0.290911,0.47129,0.188844,83.5779,18.237,7.57045,0.005611,0.0320497,0.0118216,0.185492,0.111072,0.0211236,0.00374435,1483,62116,0,0,1,165,578570,0.541621,0.541661,0.482906,0.0169424,1.56277,1.0417
red,flat_tint,0.55,,nan,0,0.851582,0.348813,70.0483,35.2498,16.2242,2.38419e-07,0.0224879,0.0187876,0.282489,0.311026,0.263754,0.00342366,231,893,0,0,0,168,3138,0.859881,0.851582,0.851582,0.00883799,,
red,halftone,0.55,0.35,72.5714,0.503464,0.901926,0.357399,69.6057,36.5295,16.9273,0.00625673,0.0349117,0.00978156,0.367554,0.321759,0.27717,0.00403758,454,2901,0,0,1,165,582517,0.741063,0.747848,0.910844,0.0116465,0.631015,1.05912
red,halftone,0.55,0.5,50.8,0.496853,0.859119,0.339788,70.9858,34.487,15.6471,0.0404192,0.0579666,0.0193697,0.3541,0.29977,0.249684,0.0141424,454,6925,0,0,1,165,521678,0.75565,0.757995,0.845095,0.0806862,0.810082,1.00885
red,halftone,0.55,1,25.4,0.510711,0.85597,0.336701,71.2077,34.1339,15.3779,0.159641,0.179483,0.0112086,0.360486,0.310302,0.274804,0.139729,456,48226,0,0,1,165,335741,0.899056,0.897428,0.853288,0.0207233,1.04311,1.00515
red,halftone,0.55,2,12.7,0.537257,0.883998,0.346673,70.3973,35.2447,15.9723,0.236675,0.263825,0.0121868,0.376721,0.341983,0.331389,0.250027,456,54957,0,0,1,165,186873,0.882901,0.882232,0.89597,0.0230663,0.310541,1.03807
red,dither_fs,0.55,4.064,nan,0.5499,0.87837,0.349035,70.2912,35.6173,16.3648,0.00424413,0.0300153,0.0173193,0.350199,0.311304,0.264102,0.00531137,1287,59598,0,0,1,165,542275,0.766947,0.764088,0.892515,0.0350508,0.236491,1.03146
yellow,flat_full,1,,nan,1,0.944602,0.168245,87.2997,-2.18426,78.3035,1.78814e-07,0.0140188,0.0125421,0.118639,0.0853344,0.0119382,0.00140619,231,892,0,0,0,168,3135,0.948555,0.944602,0.944602,0.00641626,,
yellow,flat_tint,0.15,,nan,0,0.141176,0.0253224,97.883,-2.38412,13.0878,5.96046e-08,0.0155218,0.0148724,0.0146976,0.011961,0.0119382,0.00140619,231,890,0,0,0,160,3080,0.141176,0.141176,0.141176,0.011942,,
yellow,halftone,0.15,0.35,72.5714,0.106954,0.139111,0.024755,97.9239,-2.19115,12.3191,0.000982533,0.0117474,0.00116637,0.0168816,0.011961,0.0119382,0.00140619,454,2900,0,0,1,165,291636,0.121569,0.121569,0.148741,0.00970176,0.516802,0.985368
yellow,halftone,0.15,0.5,50.8,0.117535,0.140145,0.02498,97.8925,-2.16546,12.3687,0.00642872,0.0110922,0.00496831,0.0173439,0.011961,0.0119382,0.00140619,454,4587,0,0,1,165,242444,0.10912,0.115085,0.133642,0.0130313,0.499519,0.992693
yellow,halftone,0.15,1,25.4,0.136025,0.138453,0.024663,97.9239,-2.16144,12.2039,0.0278663,0.0204705,0.00254603,0.0172678,0.0138683,0.0119382,0.00140619,456,54121,0,0,1,165,143748,0.141431,0.144856,0.135768,0.0304066,0.595494,0.98071
yellow,halftone,0.15,2,12.7,0.14101,0.138505,0.0246776,97.9215,-2.16154,12.1956,0.0446518,0.0315509,0.00183242,0.0172734,0.017781,0.0119382,0.00140619,456,51070,0,0,1,165,86183,0.130111,0.131138,0.143195,0.0213882,0.600227,0.981074
yellow,dither_fs,0.15,4.064,nan,0.13861,0.135765,0.0242195,97.9249,-2.05209,11.9633,0.00252981,0.0116706,0.00292487,0.0188221,0.011961,0.0119382,0.00140619,1427,59062,0,0,1,165,295514,0.151559,0.151627,0.136012,0.0187276,0.781799,0.961671
yellow,flat_tint,0.3,,nan,0,0.283449,0.0517616,95.0396,-2.49274,24.8607,4.17233e-07,0.0137978,0.0111632,0.0344775,0.011961,0.0119382,0.00140619,231,892,0,0,0,168,3122,0.287386,0.283449,0.283449,0.00492776,,
yellow,halftone,0.3,0.35,72.5714,0.252396,0.283552,0.0504103,95.8456,-3.81171,25.1895,0.00156482,0.0174811,0.0031235,0.0348346,0.011961,0.0119382,0.00140619,454,2899,0,0,1,165,413825,0.2,0.203922,0.297453,0.00924985,1.26363,1.00036
yellow,halftone,0.3,0.5,50.8,0.276239,0.293157,0.0523053,95.6732,-3.82675,25.9557,0.00998987,0.0114048,0.00396319,0.03671,0.0124427,0.0119382,0.00140619,454,6626,0,0,1,165,367764,0.214352,0.219444,0.266793,0.00776346,1.27541,1.03425
yellow,halftone,0.3,1,25.4,0.280501,0.280273,0.0499345,95.874,-3.75211,24.7713,0.0404424,0.0294251,0.00363036,0.0351101,0.0201752,0.0119382,0.00140619,456,56976,0,0,1,165,209157,0.290823,0.293066,0.272609,0.021103,1.24661,0.988794
yellow,halftone,0.3,2,12.7,0.289394,0.280344,0.0499517,95.8748,-3.75762,24.7553,0.0602945,0.0426727,0.00362896,0.0350727,0.026544,0.0119382,0.00140619,456,60545,0,0,1,165,118005,0.264461,0.264556,0.285434,0.0150435,1.25286,0.989044
yellow,dither_fs,0.3,4.064,nan,0.290911,0.280776,0.0500835,95.7752,-3.56744,24.8092,0.00149258,0.0110676,0.00426079,0.0396692,0.011961,0.0119382,0.00140619,1483,62490,0,0,1,165,472206,0.327394,0.327619,0.281297,0.0179165,1.06851,0.990567
yellow,flat_tint,0.55,,nan,0,0.515733,0.0911607,92.6003,-4.90884,46.3538,6.55651e-07,0.0203859,0.0186924,0.0631086,0.011961,0.0119382,0.00140619,231,892,0,0,0,168,3133,0.523607,0.515733,0.515733,0.00886057,,
yellow,halftone,0.55,0.35,72.5714,0.503464,0.532227,0.0948467,92.4155,-4.92465,47.2612,0.00166244,0.0199512,0.00596895,0.0659031,0.0141127,0.0119382,0.00140619,454,2901,0,0,1,165,485094,0.456677,0.460614,0.538004,0.00696251,0.315835,1.03198
yellow,halftone,0.55,0.5,50.8,0.496853,0.505675,0.0902051,92.754,-4.87253,44.8588,0.0107314,0.0180104,0.0093427,0.0628512,0.018987,0.0119382,0.00140619,454,6649,0,0,1,165,419933,0.462406,0.464162,0.496979,0.0119658,0.502517,0.980499
yellow,halftone,0.55,1,25.4,0.510711,0.501256,0.0893147,92.8276,-4.91934,44.4371,0.0423587,0.0313118,0.00625234,0.0626823,0.0322282,0.0119382,0.00140619,456,47747,0,0,1,165,274049,0.543378,0.542646,0.499277,0.0234296,0.655784,0.971931
yellow,halftone,0.55,2,12.7,0.537257,0.516255,0.0919726,92.6329,-4.95838,45.7249,0.0627872,0.0450256,0.00668709,0.0647031,0.0422045,0.0119382,0.00140619,456,53608,0,0,1,165,154898,0.525569,0.525376,0.523025,0.0256243,0.217107,1.00101
yellow,dither_fs,0.55,4.064,nan,0.5499,0.519291,0.0925704,92.4986,-4.7238,46.028,0.00113265,0.0126197,0.00723106,0.071254,0.0119734,0.0119382,0.00140619,1287,60310,0,0,1,165,437340,0.459273,0.457654,0.519897,0.0321425,0.163626,1.0069
mid_grey,flat_full,1,,nan,0,0.498039,0.498039,53.4418,-9.97727e-06,3.99091e-06,5.96046e-08,0.00547809,0.00356589,0.494198,0.497559,0.49692,0.00342366,231,884,0,0,0,162,3141,0.498039,0.498039,0.498039,0.00680859,,
mid_grey,flat_tint,0.15,,nan,0,0.0745098,0.0745098,93.9554,-1.57982e-05,6.31927e-06,5.96046e-07,0.0153735,0.0144303,0.0511709,0.011961,0.0119382,0.00140619,231,886,0,0,0,168,3081,0.0745098,0.0745098,0.0745098,0.00904362,,
mid_grey,halftone,0.15,0.35,72.5714,0,0.0737455,0.0737455,93.4848,-1.57306e-05,6.29223e-06,0.0029153,0.0260728,0.00141107,0.0632471,0.0133391,0.0119382,0.00140619,454,2887,0,0,1,165,239860,0.0627451,0.0666667,0.0786868,0.0163593,0.284795,0.989742
mid_grey,halftone,0.15,0.5,50.8,0,0.0740743,0.0740743,93.4413,-1.57243e-05,6.28973e-06,0.0190453,0.0274094,0.00960625,0.0653011,0.0263936,0.0119382,0.00140621,454,4290,0,0,1,165,228664,0.0596621,0.0625636,0.0707024,0.00886362,0.311194,0.994155
mid_grey,halftone,0.15,1,25.4,0,0.0731158,0.0731158,93.5128,-1.57346e-05,6.29384e-06,0.0825473,0.0806971,0.00436537,0.0685605,0.0545775,0.0292309,0.0219902,456,38402,0,0,1,165,146343,0.074494,0.0768109,0.0716606,0.019512,0.267827,0.981291
mid_grey,halftone,0.15,2,12.7,0,0.073067,0.073067,93.5112,-1.57344e-05,6.29375e-06,0.132187,0.13064,0.00169847,0.0706283,0.0694691,0.0553365,0.087892,456,37197,0,0,1,165,90552,0.0685278,0.0693952,0.0755453,0.013997,0.268779,0.980635
mid_grey,dither_fs,0.15,4.064,nan,0,0.0716606,0.0716606,93.6604,-1.57558e-05,6.30232e-06,0.00747862,0.0310659,0.00696038,0.0582547,0.0119614,0.0119382,0.00140619,1419,38075,0,0,1,165,191652,0.0797551,0.0801373,0.0717121,0.0194954,0.178348,0.961761
mid_grey,flat_tint,0.3,,nan,0,0.14902,0.14902,86.591,-1.47401e-05,5.89604e-06,4.17233e-07,0.0182454,0.0163486,0.104469,0.0615098,0.0119382,0.00140619,231,884,0,0,0,162,3087,0.14902,0.14902,0.14902,0.00523555,,
mid_grey,halftone,0.3,0.35,72.5714,0,0.149815,0.149815,86.6279,-1.47454e-05,5.89816e-06,0.00462154,0.0374692,0.00290512,0.134627,0.0649861,0.0119382,0.00140625,454,2887,0,0,1,165,395756,0.105882,0.109804,0.157281,0.00979883,0.0238771,1.00534
mid_grey,halftone,0.3,0.5,50.8,0,0.154856,0.154856,86.1602,-1.46782e-05,5.87128e-06,0.0295548,0.033448,0.0064251,0.140561,0.0843356,0.0210778,0.0033029,454,6096,0,0,1,165,338088,0.113984,0.116901,0.140938,0.0139973,0.279447,1.03917
mid_grey,halftone,0.3,1,25.4,0,0.147919,0.147919,86.7703,-1.47659e-05,5.90634e-06,0.11973,0.119065,0.00433401,0.14121,0.116265,0.0772213,0.063327,456,36717,0,0,1,165,205532,0.154758,0.156309,0.143849,0.0180822,0.115973,0.992616
mid_grey,halftone,0.3,2,12.7,0,0.147885,0.147885,86.7625,-1.47647e-05,5.90589e-06,0.178484,0.177778,0.00237447,0.143727,0.136966,0.11658,0.144633,456,42448,0,0,1,165,121760,0.139851,0.140393,0.150558,0.0143351,0.110907,0.992384
mid_grey,dither_fs,0.3,4.064,nan,0,0.148192,0.148192,86.782,-1.47675e-05,5.90701e-06,0.00440199,0.0292955,0.0160221,0.122475,0.060657,0.0119382,0.00140621,1479,43367,0,0,1,165,324067,0.172316,0.173069,0.148313,0.017777,0.123499,0.994448
mid_grey,flat_tint,0.55,,nan,0,0.27451,0.27451,74.6923,-1.30305e-05,5.2122e-06,5.36442e-07,0.0332631,0.0311378,0.203093,0.218147,0.147655,0.00342366,231,886,0,0,0,168,3142,0.27451,0.27451,0.27451,0.00519368,,
mid_grey,halftone,0.55,0.35,72.5714,0,0.280994,0.280994,74.5148,-1.3005e-05,5.202e-06,0.00490603,0.039402,0.00510656,0.259067,0.226252,0.157787,0.00380292,454,2886,0,0,1,165,436176,0.239216,0.243137,0.284216,0.00611629,0.130266,1.02362
mid_grey,halftone,0.55,0.5,50.8,0,0.266981,0.266981,75.818,-1.31922e-05,5.27689e-06,0.0317362,0.0469259,0.0173088,0.248608,0.209055,0.136519,0.0111642,454,6002,0,0,1,165,392591,0.245613,0.246443,0.262301,0.0149044,0.819811,0.972572
mid_grey,halftone,0.55,1,25.4,0,0.264482,0.264482,76.0302,-1.32227e-05,5.28909e-06,0.125353,0.127582,0.00396553,0.253953,0.223162,0.172175,0.0978083,456,31758,0,0,1,165,264033,0.288279,0.288313,0.263408,0.0122592,0.973271,0.96347
mid_grey,halftone,0.55,2,12.7,0,0.272276,0.272276,75.2887,-1.31162e-05,5.24648e-06,0.185849,0.187466,0.00347804,0.266317,0.251798,0.224031,0.175481,456,38613,0,0,1,165,157320,0.277584,0.278146,0.275844,0.0254765,0.435649,0.991863
mid_grey,dither_fs,0.55,4.064,nan,0,0.273947,0.273947,75.1772,-1.31002e-05,5.24007e-06,0.00333599,0.0302833,0.0215267,0.229761,0.217443,0.146775,0.00468832,1279,42600,0,0,1,165,292765,0.241815,0.241595,0.274115,0.0152841,0.354419,0.997949
