archetype,mode,reps,svg_build_s,load_median_s,load_iqr_s,raster_median_s,raster_iqr_s,pdf_median_s,pdf_iqr_s,raster_post_median_s,layout_s,style_s,js_heap_used_mb,dom_nodes,dom_patterns,dom_images,svg_bytes,pdf_bytes
A,STANDARD,7,0.000174213,0.0042771,0.000942099,0.0766736,0.00687945,0.00761988,0.00048367,0,0,0,0.98106,29,0,0,3276,24403
A,OPACITY_GROUP_90,7,0.000153478,0.00399801,0.000947244,0.0793453,0.0113141,0.00776135,0.000229299,0,0,0,1.29378,29,0,0,3290,24828
A,OPACITY_GROUP_75,7,0.0001706,0.00329322,0.000631243,0.0721011,0.00427801,0.00759581,0.000919143,0,0,0,1.4818,29,0,0,3291,24829
A,OPACITY_GROUP_60,7,0.000122553,0.00356799,0.000690514,0.0825849,0.00591023,0.00810971,0.00145336,0,0,0,1.66917,29,0,0,3290,24828
A,OPACITY_GROUP_45,7,0.000103806,0.00412022,0.000228224,0.0778931,0.0129997,0.0078127,0.000943673,0,0,0,1.38699,29,0,0,3291,24829
A,OPACITY_ELEM_60,7,0.00011035,0.00347211,0.000464465,0.0668041,0.00590432,0.00809474,0.000935476,0,0,0,1.58356,29,0,0,3626,34007
A,OPACITY_FILL_60,7,0.000155721,0.00324837,0.000233227,0.0707843,0.00866152,0.00719602,0.00168204,0,0,0,1.76458,29,0,0,3276,24403
A,OPACITY_STROKE_60,7,0.000112838,0.00325585,0.000711015,0.0699362,0.00705706,0.00724747,0.000664609,0,0,0,1.70072,29,0,0,3633,24479
A,OPACITY_TEXT_60,7,0.000165034,0.00369464,0.00055583,0.0730638,0.00631772,0.00722414,0.000335784,0,0,0,1.89254,29,0,0,3388,27825
A,TINT_75,7,9.3733e-05,0.00330486,0.00105634,0.071435,0.00305098,0.00682393,0.000772695,0,0,0,2.08103,29,0,0,3276,24404
A,TINT_55,7,9.5977e-05,0.00343382,0.0014307,0.0728278,0.00516545,0.00746318,0.000918114,0,0,0,2.29276,29,0,0,3276,24404
A,TINT_30,7,9.4199e-05,0.00348098,0.000904351,0.0732162,0.0153879,0.00837056,0.0028729,0,0,0,2.10259,29,0,0,3276,24403
A,TINT_FILL_55,7,0.000108583,0.00354877,0.000278503,0.0727809,0.00828565,0.00759046,0.000457036,0,0,0,2.28416,29,0,0,3276,24403
A,TINT_FILL_30,7,0.000101712,0.00348402,0.000457908,0.0745686,0.00891209,0.00764546,0.00116274,0,0,0,2.4644,29,0,0,3276,24403
A,TINT_FILL_15,7,0.000109765,0.00332444,0.000690101,0.0704647,0.00903753,0.00717816,0.00121378,0,0,0,2.33046,29,0,0,3276,24403
A,GRAYSCALE,7,0.000125829,0.0032515,0.000347986,0.0699901,0.0021702,0.00682293,0.000828307,0,0,0,2.5107,29,0,0,3276,24403
A,BW_THRESHOLD,7,0.000107846,0.00328497,0.000509642,0.0742593,0.0161377,0.00735718,0.00244087,0.227444,0,0,2.69184,29,0,0,3276,24403
A,BW_SEMANTIC,7,0.000108159,0.00349071,0.00150745,0.0762959,0.00787231,0.00787073,0.00194521,0,0,0,2.87887,29,0,0,3276,21515
A,OUTLINE_ONLY,7,0.00015224,0.00408591,0.00262522,0.0846596,0.0114528,0.00799855,0.00141001,0,0,0,2.70524,29,0,0,3276,24403
A,OUTLINE_NAIVE,7,0.000104831,0.00457028,0.00129143,0.0816956,0.00860236,0.00793323,0.000852136,0,0,0,2.88738,29,0,0,3276,24403
A,BG_REMOVAL,7,9.7438e-05,0.00335196,0.0012906,0.0769524,0.00358361,0.00723544,0.00101737,0,0,0,3.06887,29,0,0,3276,24403
A,DECOR_REMOVAL,7,0.000105983,0.0033307,0.00037971,0.0721409,0.0112964,0.00734271,0.00202662,0,0,0,2.29312,29,0,0,3276,24403
A,HALFTONE_H,7,0.000109717,0.00361456,0.000882256,0.0709448,0.00844039,0.00717209,0.00105829,0,0,0,2.48974,29,0,0,3276,24403
A,HALFTONE_M,7,0.000135778,0.00352028,0.000901796,0.0751599,0.00932387,0.00756979,0.0023064,0,0,0,2.67098,29,0,0,3276,24403
A,HALFTONE_L,7,0.000117163,0.00357322,0.00034878,0.080375,0.00831381,0.00721932,0.000779937,0,0,0,2.49136,29,0,0,3276,24403
A,DITHER_M,7,0.000107713,0.00340692,0.00023332,0.0741843,0.00972146,0.00689517,0.000515112,0,0,0,2.67226,29,0,0,3276,24403
A,HIGH_CONTRAST,7,0.000145974,0.00307522,0.000218157,0.0768665,0.00884604,0.00680582,0.000544631,0,0,0,2.85922,29,0,0,3271,24412
A,ECO_COLOUR,7,0.000102849,0.00372607,0.00163843,0.0684855,0.00703739,0.0076561,0.00272637,0,0,0,3.03925,29,0,0,3276,24403
A,SUPER_ECO_BW,7,0.000117471,0.00370138,0.000481404,0.07105,0.00509714,0.00668636,0.00205355,0,0,0,2.85088,29,0,0,3276,21515
A,INT_BG+TINT_FILL_55,7,0.000167715,0.00361644,0.000430597,0.0732452,0.00742183,0.00702122,0.000517132,0,0,0,3.03174,29,0,0,3276,24403
A,INT_REMOVE_ALL,7,0.000115633,0.00335066,0.000516527,0.0702503,0.00811869,0.00678912,0.000609721,0,0,0,3.21463,29,0,0,3276,24403
A,INT_OUTLINE+BW,7,0.000106433,0.00359838,0.000479819,0.0722927,0.00515358,0.00682534,0.00192226,0,0,0,3.02594,29,0,0,3276,21515
A,INT_GRAY+BG,7,9.0586e-05,0.00332612,0.000508076,0.0746927,0.0037404,0.00674188,0.000609695,0,0,0,3.20682,29,0,0,3276,24403
A,INT_OUTLINE+HALFTONE_M,7,0.000109403,0.00346924,0.000722891,0.0775942,0.00256313,0.0073,0.000651496,0,0,0,3.38692,29,0,0,3276,24403
A,COPY_SAFE_ECO,7,0.000110766,0.00403881,0.000575971,0.0771506,0.00447405,0.00787486,0.0013251,0,0,0,3.20624,29,0,0,3271,24412
A,COMBINED_REMOVE+TINT_75,7,0.000100342,0.00339137,0.000672045,0.072237,0.0085639,0.00655317,0.000743129,0,0,0,3.3871,29,0,0,3276,24404
A,COMBINED_ECO+STRUCT_75,7,9.2917e-05,0.00334909,0.00045569,0.0675934,0.012145,0.0066742,0.000815795,0,0,0,3.56821,29,0,0,3276,24404
B,STANDARD,7,0.000634537,0.00913471,0.00372614,0.0960296,0.0209617,0.0130969,0.00372874,0,0,0,2.21168,277,0,0,34041,32288
B,OPACITY_GROUP_90,7,0.000601416,0.00852847,0.00190273,0.0911162,0.0129075,0.0138865,0.00103452,0,0,0,2.16154,277,0,0,34055,32717
B,OPACITY_GROUP_75,7,0.000958887,0.0112036,0.00272765,0.101367,0.00599646,0.0178417,0.00612363,0,0,0,2.24176,277,0,0,34056,32718
B,OPACITY_GROUP_60,7,0.000717281,0.00940859,0.00243313,0.0972492,0.00724776,0.0157477,0.00510767,0,0,0,2.20498,277,0,0,34055,32717
B,OPACITY_GROUP_45,7,0.000790123,0.00808997,0.000756623,0.0998608,0.00777801,0.0127868,0.000788615,0,0,0,2.20774,277,0,0,34056,32718
B,OPACITY_ELEM_60,7,0.00117352,0.00839547,0.00143106,0.0937666,0.00606013,0.0213831,0.00391367,0,0,0,2.26554,277,0,0,37849,147625
B,OPACITY_FILL_60,7,0.000937954,0.00873358,0.00510257,0.0945901,0.00801815,0.0132466,0.00200729,0,0,0,2.15983,277,0,0,34041,32288
B,OPACITY_STROKE_60,7,0.000735898,0.00967446,0.00165035,0.0962381,0.00638778,0.0147292,0.00263826,0,0,0,2.09762,277,0,0,34713,32290
B,OPACITY_TEXT_60,7,0.000712149,0.00861299,0.00038601,0.0956772,0.00861986,0.0228104,0.00273014,0,0,0,2.13739,277,0,0,37401,134268
B,TINT_75,7,0.000606147,0.00926824,0.00226505,0.103571,0.0114038,0.0128808,0.00145197,0,0,0,2.13516,277,0,0,34041,32289
B,TINT_55,7,0.000597303,0.00926443,0.00170844,0.0971742,0.0181305,0.0155124,0.00386285,0,0,0,2.08762,277,0,0,34041,32289
B,TINT_30,7,0.000641185,0.00854229,0.00208581,0.100291,0.00821786,0.012534,0.00354312,0,0,0,2.07751,277,0,0,34041,32289
B,TINT_FILL_55,7,0.000575974,0.00822937,0.00028503,0.0885768,0.00697646,0.0138736,0.0035831,0,0,0,2.07897,277,0,0,34041,32288
B,TINT_FILL_30,7,0.00103463,0.00963355,0.00203811,0.0937541,0.00554118,0.0125976,0.000492064,0,0,0,2.07744,277,0,0,34041,32288
B,TINT_FILL_15,7,0.00118504,0.00877899,0.00133884,0.0950006,0.00878254,0.0124851,0.00182764,0,0,0,2.2736,277,0,0,34041,32288
B,GRAYSCALE,7,0.000735813,0.00790035,0.000657704,0.0935449,0.00266042,0.0134985,0.00220885,0,0,0,2.221,277,0,0,34041,32288
B,BW_THRESHOLD,7,0.000630724,0.00826442,0.0016613,0.097485,0.00702377,0.0141872,0.00159713,0.126987,0,0,2.10169,277,0,0,34041,32288
B,BW_SEMANTIC,7,0.000585125,0.00759299,0.00184413,0.0920548,0.00632948,0.0128366,0.00150528,0,0,0,2.07964,277,0,0,34041,32284
B,OUTLINE_ONLY,7,0.000593672,0.00788038,0.00132066,0.0899233,0.00463439,0.0128911,0.00214515,0,0,0,2.14397,277,0,0,34041,32288
B,OUTLINE_NAIVE,7,0.00062539,0.00797171,0.000932994,0.0895386,0.00647635,0.0123639,0.00354916,0,0,0,2.48136,277,0,0,34041,32288
B,BG_REMOVAL,7,0.000705285,0.00872151,0.000752115,0.0963224,0.00455658,0.0122135,0.000758949,0,0,0,2.33852,277,0,0,34041,32288
B,DECOR_REMOVAL,7,0.000635941,0.00782277,0.000586425,0.0875757,0.00618466,0.0121938,0.00104984,0,0,0,2.59634,277,0,0,34041,32288
B,HALFTONE_H,7,0.000660833,0.00817144,0.000852292,0.100663,0.0121633,0.0132967,0.00192894,0,0,0,2.35928,277,0,0,34041,32288
B,HALFTONE_M,7,0.000597019,0.009432,0.00319859,0.0917969,0.00859238,0.0120315,0.00286996,0,0,0,2.50213,277,0,0,34041,32288
B,HALFTONE_L,7,0.000603864,0.00804176,0.00124917,0.0941975,0.00483228,0.0136935,0.00343963,0,0,0,2.50357,277,0,0,34041,32288
B,DITHER_M,7,0.000913898,0.00864165,0.000896391,0.0924298,0.00656024,0.01295,0.00240642,0,0,0,2.65865,277,0,0,34041,32288
B,HIGH_CONTRAST,7,0.000974748,0.00788889,0.00105173,0.0856361,0.0107887,0.0133427,0.00196814,0,0,0,2.77224,277,0,0,34041,32284
B,ECO_COLOUR,7,0.000588107,0.00823419,0.00106069,0.100666,0.0169708,0.012125,0.00254618,0,0,0,2.40628,277,0,0,34041,32288
B,SUPER_ECO_BW,7,0.000619722,0.00770854,0.000244374,0.0916595,0.00908285,0.012703,0.00215609,0,0,0,2.83505,277,0,0,34041,32284
B,INT_BG+TINT_FILL_55,7,0.000636492,0.00797587,0.000709551,0.0894331,0.00663327,0.0172779,0.00453199,0,0,0,2.79398,277,0,0,34041,32288
B,INT_REMOVE_ALL,7,0.000609525,0.0083786,0.00112478,0.0934697,0.00918833,0.0123086,0.001846,0,0,0,2.69556,277,0,0,34041,32288
B,INT_OUTLINE+BW,7,0.000672281,0.00779831,0.00162916,0.0930498,0.00784662,0.0137585,0.00129819,0,0,0,2.52902,277,0,0,34041,32284
B,INT_GRAY+BG,7,0.00066311,0.0094153,0.00373856,0.0940512,0.00320495,0.0146256,0.00281029,0,0,0,2.35929,277,0,0,34041,32288
B,INT_OUTLINE+HALFTONE_M,7,0.000746307,0.00772201,0.00330024,0.0926167,0.00650898,0.0127114,0.0027763,0,0,0,2.5053,277,0,0,34041,32288
B,COPY_SAFE_ECO,7,0.000631879,0.00847819,0.0014795,0.0895045,0.00492639,0.0138003,0.00194105,0,0,0,2.52277,277,0,0,34041,32284
B,COMBINED_REMOVE+TINT_75,7,0.000584373,0.0078257,0.000755719,0.0939718,0.00413991,0.0124611,0.0024756,0,0,0,2.42906,277,0,0,34041,32289
B,COMBINED_ECO+STRUCT_75,7,0.000569765,0.00766376,0.00213356,0.100783,0.00540712,0.0122147,0.00097522,0,0,0,2.21717,277,0,0,34041,32289
C,STANDARD,7,7.3207e-05,0.00435984,0.000942002,0.0922132,0.0188038,0.00867738,0.00108272,0,0,0,2.48458,22,0,0,3887,32316
C,OPACITY_GROUP_90,7,9.1192e-05,0.00388045,0.0004747,0.0983101,0.0141493,0.00886318,0.00406311,0,0,0,2.29242,22,0,0,3901,32739
C,OPACITY_GROUP_75,7,8.9908e-05,0.00362226,0.00070875,0.105491,0.00776282,0.0103166,0.00311182,0,0,0,2.49072,22,0,0,3902,32740
C,OPACITY_GROUP_60,7,0.000106139,0.00364142,0.000797062,0.0919746,0.0134977,0.00912369,0.000334355,0,0,0,2.2148,22,0,0,3901,32739
C,OPACITY_GROUP_45,7,8.5356e-05,0.0038262,0.00079054,0.0999593,0.0063709,0.00916056,0.00285577,0,0,0,2.41001,22,0,0,3902,32740
C,OPACITY_ELEM_60,7,9.2501e-05,0.00396609,0.000802927,0.0940511,0.00310913,0.00855998,0.00125432,0,0,0,2.16348,22,0,0,4153,42326
C,OPACITY_FILL_60,7,8.1521e-05,0.00379289,0.000375771,0.0903705,0.00980287,0.00857804,0.000465374,0,0,0,2.35183,22,0,0,3887,32316
C,OPACITY_STROKE_60,7,7.6619e-05,0.00382372,0.000405125,0.0979519,0.00736055,0.00855485,0.000889779,0,0,0,2.08747,22,0,0,3887,32316
C,OPACITY_TEXT_60,7,8.8124e-05,0.00391156,0.000372469,0.0952743,0.00165035,0.011102,0.00361746,0,0,0,2.28039,22,0,0,4153,42326
C,TINT_75,7,9.4523e-05,0.00407271,0.000260651,0.0937371,0.00968575,0.00838481,0.000745985,0,0,0,2.00569,22,0,0,3887,32316
C,TINT_55,7,7.4219e-05,0.00349369,0.000334303,0.0899831,0.0095752,0.00899983,0.000625138,0,0,0,2.20794,22,0,0,3887,32316
C,TINT_30,7,7.4077e-05,0.00399524,0.00125938,0.0943394,0.0139711,0.00875339,0.00339488,0,0,0,1.95661,22,0,0,3887,32316
C,TINT_FILL_55,7,7.1686e-05,0.00379253,0.000387688,0.095772,0.00361429,0.00887934,0.00287046,0,0,0,2.14364,22,0,0,3887,32316
C,TINT_FILL_30,7,8.7266e-05,0.00381595,0.000559216,0.0995891,0.00560521,0.00882115,0.00133032,0,0,0,1.89224,22,0,0,3887,32316
C,TINT_FILL_15,7,8.6345e-05,0.00412727,0.000509199,0.0992155,0.00509524,0.00880198,0.00127093,0,0,0,2.07927,22,0,0,3887,32316
C,GRAYSCALE,7,7.6054e-05,0.00380719,0.000683975,0.104988,0.0116055,0.00876887,0.00144777,0,0,0,1.89228,22,0,0,3887,32316
C,BW_THRESHOLD,7,8.6286e-05,0.00401478,0.00103227,0.0980728,0.0236294,0.00919924,0.000933435,0.217987,0,0,2.07932,22,0,0,3887,32316
C,BW_SEMANTIC,7,7.99e-05,0.00396223,0.000625837,0.0979632,0.0118955,0.00916549,0.00228662,0,0,0,1.89626,22,0,0,3887,32312
C,OUTLINE_ONLY,7,0.000114909,0.0038761,0.000534601,0.103833,0.014527,0.00960664,0.00116922,0,0,0,2.0833,22,0,0,3887,32316
C,OUTLINE_NAIVE,7,9.6837e-05,0.00410372,0.000638066,0.100927,0.0101186,0.00976515,0.00203027,0,0,0,1.89141,22,0,0,3887,32316
C,BG_REMOVAL,7,8.8624e-05,0.00330375,0.000373353,0.0985738,0.0135926,0.00921954,0.000977822,0,0,0,2.07863,22,0,0,3887,32316
C,DECOR_REMOVAL,7,8.1919e-05,0.00401858,0.000300561,0.105267,0.015896,0.00909063,0.00284796,0,0,0,1.87828,22,0,0,3887,32316
C,HALFTONE_H,7,8.6788e-05,0.00395763,0.000396711,0.101063,0.00661174,0.00900723,0.00086377,0,0,0,2.06516,22,0,0,3887,32316
C,HALFTONE_M,7,8.551e-05,0.00455713,0.00069396,0.096533,0.00732086,0.0091433,0.000837693,0,0,0,1.8764,22,0,0,3887,32316
C,HALFTONE_L,7,0.000165638,0.00400772,0.000414135,0.100247,0.00281251,0.00897244,0.000700791,0,0,0,2.06333,22,0,0,3887,32316
C,DITHER_M,7,7.576e-05,0.00348371,0.000582431,0.0948582,0.00585848,0.00928734,0.00192382,0,0,0,1.87688,22,0,0,3887,32316
C,HIGH_CONTRAST,7,8.4876e-05,0.00407776,0.000567737,0.0910918,0.00622002,0.00934807,0.00170977,0,0,0,2.06381,22,0,0,3887,32312
C,ECO_COLOUR,7,7.8835e-05,0.00368285,0.000567683,0.10005,0.0109457,0.00869692,0.00163445,0,0,0,1.87731,22,0,0,3887,32316
C,SUPER_ECO_BW,7,8.6259e-05,0.00391367,0.000431336,0.0963789,0.0100075,0.00847507,0.000721411,0,0,0,2.06424,22,0,0,3887,32312
C,INT_BG+TINT_FILL_55,7,9.0942e-05,0.00399718,0.000823369,0.0973852,0.0133339,0.00887208,0.0027865,0,0,0,1.87812,22,0,0,3887,32316
C,INT_REMOVE_ALL,7,8.2635e-05,0.00407794,0.000284363,0.100706,0.00645185,0.00948593,0.00259305,0,0,0,2.06504,22,0,0,3887,32316
C,INT_OUTLINE+BW,7,9.1378e-05,0.00422501,0.000870234,0.099606,0.0068941,0.00911052,0.00186266,0,0,0,1.87142,22,0,0,3887,32312
C,INT_GRAY+BG,7,0.000138975,0.00410721,0.000365689,0.105366,0.00807051,0.00907561,0.000582652,0,0,0,2.05835,22,0,0,3887,32316
C,INT_OUTLINE+HALFTONE_M,7,7.4599e-05,0.00455459,0.00171934,0.0976137,0.00482476,0.0086522,0.00240602,0,0,0,1.86738,22,0,0,3887,32316
C,COPY_SAFE_ECO,7,8.3278e-05,0.00418016,0.00116075,0.105724,0.0170531,0.00897982,0.00044792,0,0,0,2.06043,22,0,0,3887,32312
C,COMBINED_REMOVE+TINT_75,7,0.00016164,0.00426082,0.000646338,0.103081,0.00752994,0.00879078,0.000453454,0,0,0,1.8669,22,0,0,3887,32316
C,COMBINED_ECO+STRUCT_75,7,8.1444e-05,0.00428836,0.00119369,0.104886,0.00829571,0.0110821,0.00264545,0,0,0,2.05382,22,0,0,3887,32316
D,STANDARD,7,0.000163998,0.00422791,0.000622215,0.0809407,0.015365,0.00857062,0.00107195,0,0,0,1.87362,37,0,0,4015,34064
D,OPACITY_GROUP_90,7,0.000162181,0.00392443,0.000916864,0.0781345,0.00698669,0.00953838,0.00105149,0,0,0,2.07604,37,0,0,4029,34492
D,OPACITY_GROUP_75,7,0.000175646,0.00368048,0.000842888,0.0722426,0.00457298,0.0085765,0.00136673,0,0,0,2.27784,37,0,0,4030,34493
D,OPACITY_GROUP_60,7,0.000134137,0.00360508,0.000302152,0.0815748,0.00911914,0.00919944,0.00130243,0,0,0,1.97982,37,0,0,4029,34492
D,OPACITY_GROUP_45,7,0.000269959,0.00398147,0.000803941,0.0752454,0.00920306,0.00942216,0.00175107,0,0,0,2.18229,37,0,0,4030,34493
D,OPACITY_ELEM_60,7,0.000144004,0.00346093,0.000404522,0.0739368,0.00926708,0.00894883,0.00109219,0,0,0,2.39105,37,0,0,4449,46335
D,OPACITY_FILL_60,7,0.000133686,0.00359138,0.000486694,0.0760034,0.00998417,0.00880702,0.000893234,0,0,0,2.10884,37,0,0,4091,34138
D,OPACITY_STROKE_60,7,0.000126004,0.00348545,0.000915552,0.0737388,0.00419666,0.00834723,0.000541813,0,0,0,2.31849,37,0,0,4477,34068
D,OPACITY_TEXT_60,7,0.000130809,0.00468717,0.00197479,0.0802345,0.021784,0.0100501,0.00293564,0,0,0,2.0327,37,0,0,4127,37780
D,TINT_75,7,0.000125103,0.0037603,0.000971445,0.0757352,0.00936471,0.00850064,0.000324895,0,0,0,2.24124,37,0,0,4015,34070
D,TINT_55,7,0.000126905,0.00424783,0.00126749,0.0778978,0.00690632,0.00978916,0.00148723,0,0,0,2.44267,37,0,0,4015,34070
D,TINT_30,7,0.000128034,0.00340049,0.000718072,0.0752394,0.00301498,0.00882024,0.00126474,0,0,0,2.13707,37,0,0,4015,34067
D,TINT_FILL_55,7,0.000158834,0.00365734,0.00102769,0.078915,0.0112137,0.00900491,0.00240781,0,0,0,2.33925,37,0,0,4015,34065
D,TINT_FILL_30,7,0.000149966,0.00403914,0.000524889,0.07454,0.00746514,0.00886506,0.000788852,0,0,0,2.5407,37,0,0,4015,34063
D,TINT_FILL_15,7,0.000117374,0.00356266,0.000249159,0.0751878,0.00495163,0.00875436,0.000223913,0,0,0,2.23806,37,0,0,4015,34059
D,GRAYSCALE,7,0.00012175,0.00385893,0.00079215,0.0691132,0.0103795,0.00852636,0.000520141,0,0,0,2.44024,37,0,0,4015,34046
D,BW_THRESHOLD,7,0.000147697,0.00354688,0.000685702,0.0741725,0.00592911,0.00886758,0.00075463,0.165872,0,0,2.63625,37,0,0,4015,34064
D,BW_SEMANTIC,7,0.000142138,0.00369096,0.000884398,0.0774562,0.00946514,0.00856011,0.000914507,0,0,0,2.32101,37,0,0,4051,34017
D,OUTLINE_ONLY,7,0.000147509,0.00377767,0.000693437,0.0772957,0.00494513,0.00871988,0.000209603,0,0,0,2.52368,37,0,0,4039,34060
D,OUTLINE_NAIVE,7,0.000200272,0.00383516,0.00101765,0.0753402,0.0103963,0.0081203,0.000591959,0,0,0,2.71733,37,0,0,4039,34060
D,BG_REMOVAL,7,0.000129765,0.00467164,0.00228277,0.0855278,0.0109205,0.00919274,0.00356593,0,0,0,2.35262,37,0,0,4015,34064
D,DECOR_REMOVAL,7,0.000173304,0.00416171,0.00182144,0.0796549,0.00866754,0.00831019,0.000735153,0,0,0,2.55906,35,0,0,3915,33370
D,HALFTONE_H,7,0.000182871,0.00593375,0.00106317,0.105509,0.0226409,0.816696,0.0270596,0,0,0,2.80017,46,4,0,4876,2616250
D,HALFTONE_M,7,0.000130104,0.00745022,0.00285988,0.107555,0.021393,0.484924,0.0395306,0,0,0,2.19802,46,4,0,4876,2872617
D,HALFTONE_L,7,0.000136479,0.00543998,0.0012848,0.0981532,0.00799023,0.391535,0.0139286,0,0,0,2.4168,46,4,0,4876,2814167
D,DITHER_M,7,0.000148319,0.00574888,0.00315568,0.0928289,0.00462028,0.666235,0.042808,0,0,0,2.13398,46,4,4,8984,3870316
D,HIGH_CONTRAST,7,0.000157486,0.00361861,0.000841851,0.0777515,0.00370994,0.00867806,0.00367347,0,0,0,2.34615,37,0,0,4015,34035
D,ECO_COLOUR,7,0.000147927,0.00402534,0.00143485,0.0738129,0.00574651,0.00896808,0.000429517,0,0,0,2.54718,35,0,0,3915,33368
D,SUPER_ECO_BW,7,0.000129129,0.00405932,0.000360995,0.0781646,0.00916863,0.00804238,0.000648953,0,0,0,2.14634,35,0,0,3906,33219
D,INT_BG+TINT_FILL_55,7,0.00017068,0.00448073,0.000956845,0.0778178,0.0132086,0.00963412,0.00102213,0,0,0,2.34818,37,0,0,4015,34065
D,INT_REMOVE_ALL,7,0.000198444,0.00383594,0.00109856,0.0819384,0.00728191,0.00876109,0.000809249,0,0,0,2.54698,35,0,0,3915,33370
D,INT_OUTLINE+BW,7,0.000122685,0.00424953,0.00100114,0.076494,0.0106016,0.00890571,0.000772575,0,0,0,2.14675,37,0,0,4039,34015
D,INT_GRAY+BG,7,0.000125806,0.00359466,0.000596063,0.0741999,0.00638271,0.00768543,0.000835403,0,0,0,2.34959,37,0,0,4015,34046
D,INT_OUTLINE+HALFTONE_M,7,0.000150809,0.00362599,0.000410551,0.0703554,0.00451197,0.00866196,0.00091653,0,0,0,2.55136,37,0,0,4039,34060
D,COPY_SAFE_ECO,7,0.000116599,0.00352942,0.000673964,0.0777062,0.00550762,0.00824468,0.00119948,0,0,0,2.15851,35,0,0,3915,33340
D,COMBINED_REMOVE+TINT_75,7,0.000121736,0.00374354,0.000499969,0.0729463,0.00602818,0.00829586,0.000772483,0,0,0,2.35847,35,0,0,3915,33375
D,COMBINED_ECO+STRUCT_75,7,0.00011906,0.00361483,0.00035726,0.0746654,0.0093213,0.00814318,0.00106918,0,0,0,2.56084,35,0,0,3915,33375
E,STANDARD,7,0.0396823,0.0106654,0.00316118,0.122039,0.00450094,0.0246151,0.00152674,0,0,0,3.75097,39,0,4,122147,284777
E,OPACITY_GROUP_90,7,0.0433545,0.0103598,0.00226968,0.125185,0.0105432,0.0235908,0.00130156,0,0,0,5.88804,39,0,4,122161,285211
E,OPACITY_GROUP_75,7,0.042782,0.010069,0.00381146,0.126128,0.0113569,0.0261705,0.00210784,0,0,0,7.48406,39,0,4,122162,285212
E,OPACITY_GROUP_60,7,0.0417828,0.0112867,0.00270038,0.125329,0.0112821,0.0252607,0.0014875,0,0,0,8.92902,39,0,4,122161,285211
E,OPACITY_GROUP_45,7,0.0415471,0.00856714,0.000963914,0.111176,0.00469509,0.0265479,0.00362696,0,0,0,11.1742,39,0,4,122162,285212
E,OPACITY_ELEM_60,7,0.0422464,0.00904326,0.00195364,0.115211,0.0110379,0.0262078,0.00273117,0,0,0,13.4154,39,0,4,122619,298941
E,OPACITY_FILL_60,7,0.0536807,0.00947629,0.00205315,0.113615,0.0100341,0.0243516,0.00243528,0,0,0,14.3223,39,0,4,122465,286255
E,OPACITY_STROKE_60,7,0.0427815,0.00882818,0.000753908,0.125507,0.0108016,0.0243003,0.00156848,0,0,0,16.557,39,0,4,122546,284783
E,OPACITY_TEXT_60,7,0.0436289,0.00932882,0.00146341,0.121975,0.0117941,0.0260436,0.00288011,0,0,0,18.7901,39,0,4,122259,288208
E,TINT_75,7,0.0541826,0.00841866,0.00143943,0.110795,0.0108913,0.020909,0.00150496,0,0,0,19.6685,39,0,4,118431,218187
E,TINT_55,7,0.0345735,0.00978434,0.00320827,0.121277,0.0134104,0.0222645,0.00302612,0,0,0,21.8386,39,0,4,105343,165691
E,TINT_30,7,0.0308466,0.00706432,0.00333959,0.10196,0.00992197,0.0186752,0.00223549,0,0,0,23.5653,39,0,4,81075,102542
E,TINT_FILL_55,7,0.034751,0.00902541,0.00141388,0.106146,0.0096536,0.0206385,0.00115073,0,0,0,24.3184,39,0,4,105343,165701
E,TINT_FILL_30,7,0.0294451,0.00663411,0.000735646,0.0953729,0.0061029,0.0170528,0.00300152,0,0,0,26.045,39,0,4,81075,102551
E,TINT_FILL_15,7,0.0152869,0.00587997,0.000691482,0.0890577,0.00885196,0.0150931,0.00353008,0,0,0,24.7953,39,0,4,54691,66792
E,GRAYSCALE,7,0.0193459,0.00631424,0.000754434,0.0915765,0.00500767,0.0216538,0.00164008,0,0,0,25.9968,39,0,4,58831,76154
E,BW_THRESHOLD,7,0.0409324,0.00951039,0.000754638,0.128402,0.0122545,0.025132,0.0049051,0.206431,0,0,28.1128,39,0,4,122147,284777
E,BW_SEMANTIC,7,0.0123393,0.0054674,0.00149803,0.0892368,0.00562333,0.0180548,0.000964715,0,0,0,25.1936,39,0,4,35531,43146
E,OUTLINE_ONLY,7,0.0406311,0.00892219,0.000732212,0.129869,0.0161929,0.0248848,0.00262163,0,0,0,27.304,39,0,4,122213,284450
E,OUTLINE_NAIVE,7,0.0436699,0.00967457,0.000626421,0.12492,0.0112023,0.0239089,0.00147579,0,0,0,25.5631,39,0,4,122213,284450
E,BG_REMOVAL,7,0.0437754,0.00958576,0.000634545,0.123365,0.00964708,0.0238003,0.00186409,0,0,0,27.5662,39,0,4,122147,284777
E,DECOR_REMOVAL,7,0.0431818,0.00939409,0.00121391,0.121752,0.0058449,0.0232323,0.00131755,0,0,0,24.6036,39,0,4,122147,284777
E,HALFTONE_H,7,0.0441071,0.0111479,0.000692927,0.171105,0.0126484,2.8737,0.0355454,0,0,0,17.0121,54,7,4,123770,9418825
E,HALFTONE_M,7,0.0525765,0.0106342,0.0021563,0.167249,0.00716561,1.85055,0.0672552,0,0,0,15.3382,54,7,4,123770,10299659
E,HALFTONE_L,7,0.0419202,0.0111484,0.00217915,0.165768,0.0147473,1.52053,0.0250461,0,0,0,17.503,54,7,4,123770,10424903
E,DITHER_M,7,0.0492149,0.012929,0.0012902,0.159956,0.0167218,2.67022,0.0705203,0,0,0,15.9603,54,7,11,130910,13742775
E,HIGH_CONTRAST,7,0.0446462,0.00907933,0.00211743,0.122619,0.00657638,0.0236925,0.00109797,0,0,0,18.1062,39,0,4,122147,284761
E,ECO_COLOUR,7,0.0433786,0.00810296,0.000136362,0.121186,0.0048944,0.0215278,0.00172335,0,0,0,17.2398,39,0,4,120391,231609
E,SUPER_ECO_BW,7,0.016006,0.00547152,0.00178637,0.0924036,0.00628604,0.0187401,0.00128009,0,0,0,18.3048,39,0,4,35489,42872
E,INT_BG+TINT_FILL_55,7,0.0394134,0.00896891,0.0015701,0.110028,0.00533473,0.0227812,0.00235797,0,0,0,16.2056,39,0,4,105343,165701
E,INT_REMOVE_ALL,7,0.0406543,0.00935334,0.00124297,0.124916,0.00404151,0.0262778,0.00255615,0,0,0,15.4819,39,0,4,122147,284777
E,INT_OUTLINE+BW,7,0.0118997,0.00561592,0.00111285,0.0903647,0.00622,0.0181964,0.00259323,0,0,0,16.3341,39,0,4,35489,42872
E,INT_GRAY+BG,7,0.0179021,0.00603474,0.000677651,0.0921309,0.00751092,0.0212193,0.000514155,0,0,0,17.4939,39,0,4,58831,76154
E,INT_OUTLINE+HALFTONE_M,7,0.0400715,0.00911288,0.000605533,0.119184,0.0132031,0.0235946,0.000613481,0,0,0,18.5518,39,0,4,122213,284450
E,COPY_SAFE_ECO,7,0.0422087,0.00970821,0.00154443,0.120432,0.00519637,0.0234626,0.00041246,0,0,0,20.5611,39,0,4,122147,284761
E,COMBINED_REMOVE+TINT_75,7,0.040435,0.00806243,0.00176469,0.116879,0.00438945,0.0214401,0.00266519,0,0,0,19.5121,39,0,4,118431,218187
E,COMBINED_ECO+STRUCT_75,7,0.0453425,0.00938688,0.00210985,0.119612,0.00490598,0.0215515,0.00354263,0,0,0,21.7423,39,0,4,120391,231608
F,STANDARD,7,8.9464e-05,0.00337203,0.000587197,0.0787644,0.0119983,0.00783068,0.000998984,0,0,0,22.1504,25,0,0,2068,27541
F,OPACITY_GROUP_90,7,8.5396e-05,0.00389742,0.000641289,0.0755176,0.00266122,0.00800327,0.00104308,0,0,0,18.4295,25,0,0,2082,27939
F,OPACITY_GROUP_75,7,8.5835e-05,0.00360603,0.000283722,0.0802316,0.00916823,0.00733612,0.000288088,0,0,0,18.5941,25,0,0,2083,27940
F,OPACITY_GROUP_60,7,8.9596e-05,0.00386102,0.00108017,0.0820256,0.0113359,0.00801446,0.00200636,0,0,0,18.7596,25,0,0,2082,27939
F,OPACITY_GROUP_45,7,0.000114847,0.0040346,0.00146875,0.0785695,0.0072507,0.00812222,0.00168983,0,0,0,15.4066,25,0,0,2083,27940
F,OPACITY_ELEM_60,7,9.8422e-05,0.00342452,0.00046231,0.082275,0.010518,0.00904178,0.00193307,0,0,0,15.5759,25,0,0,2362,42088
F,OPACITY_FILL_60,7,9.189e-05,0.00327296,0.00031427,0.0828657,0.0125803,0.00759998,0.0007363,0,0,0,15.7436,25,0,0,2277,27611
F,OPACITY_STROKE_60,7,9.1389e-05,0.00338922,0.000611689,0.0792714,0.0113559,0.00794863,0.00101524,0,0,0,13.1031,25,0,0,2068,27541
F,OPACITY_TEXT_60,7,8.7122e-05,0.00357154,0.000476753,0.0727766,0.0095379,0.0079419,0.000772368,0,0,0,13.2698,25,0,0,2208,31760
F,TINT_75,7,8.016e-05,0.00360729,0.000500271,0.0760675,0.00283726,0.00824335,0.00157409,0,0,0,13.4337,25,0,0,2068,31973
F,TINT_55,7,8.7541e-05,0.00319623,0.000653157,0.0831614,0.0105709,0.00774448,0.0015902,0,0,0,10.8163,25,0,0,2068,27549
F,TINT_30,7,0.000121664,0.00326255,0.000668405,0.0786999,0.00503954,0.00766546,0.00104102,0,0,0,10.9807,25,0,0,2068,27546
F,TINT_FILL_55,7,7.68e-05,0.00353333,0.000429412,0.0788124,0.00566764,0.00757373,0.000926469,0,0,0,11.1482,25,0,0,2068,27549
F,TINT_FILL_30,7,0.0001253,0.00373437,0.000496581,0.0824609,0.00787823,0.00807264,0.00158011,0,0,0,8.00769,25,0,0,2068,27546
F,TINT_FILL_15,7,0.000108057,0.00318443,0.000479013,0.0740596,0.0107484,0.00861237,0.00126321,0,0,0,8.17206,25,0,0,2068,27539
F,GRAYSCALE,7,0.000132158,0.00374542,0.000533474,0.0744889,0.00595079,0.0078682,0.000408433,0,0,0,8.33774,25,0,0,2068,30013
F,BW_THRESHOLD,7,8.657e-05,0.00319192,0.000513239,0.0792302,0.00910038,0.00865656,0.000787118,0.231681,0,0,8.49883,25,0,0,2068,27541
F,BW_SEMANTIC,7,9.896e-05,0.00361103,0.000666404,0.0782302,0.00708628,0.00801983,0.00100978,0,0,0,4.97538,25,0,0,2209,32128
F,OUTLINE_ONLY,7,0.000113702,0.00382454,0.000851827,0.0818378,0.00466313,0.00864357,0.000798763,0,0,0,5.14309,23,0,0,2314,27635
F,OUTLINE_NAIVE,7,8.1227e-05,0.00325873,0.000876238,0.0885247,0.00368869,0.0077314,0.000578965,0,0,0,5.31105,23,0,0,2314,27635
F,BG_REMOVAL,7,0.000124608,0.00423418,0.000756437,0.0832288,0.00200351,0.00931681,0.00189919,0,0,0,1.90088,23,0,0,1984,27516
F,DECOR_REMOVAL,7,8.3068e-05,0.00382623,0.000211413,0.0771592,0.0057948,0.00788156,0.00112592,0,0,0,2.06065,25,0,0,2068,27541
F,HALFTONE_H,7,0.000105731,0.00557125,0.000891871,0.912465,0.0364371,2.12427,0.0756631,0,0,0,2.25455,42,8,0,3831,6870132
F,HALFTONE_M,7,0.000118227,0.00485836,0.000492303,0.76253,0.00931454,1.43503,0.0694212,0,0,0,1.97081,42,8,0,3831,7578387
F,HALFTONE_L,7,8.9e-05,0.00607893,0.00288883,0.603506,0.0171251,1.17632,0.064673,0,0,0,2.16844,42,8,0,3831,7463967
F,DITHER_M,7,0.000108269,0.00597322,0.00147169,0.574648,0.0206668,1.93912,0.0813292,0,0,0,2.01678,42,8,8,12014,10148487
F,HIGH_CONTRAST,7,8.5409e-05,0.00347081,0.000507107,0.0788688,0.00840673,0.00786508,0.000898691,0,0,0,2.20229,23,0,0,1984,30032
F,ECO_COLOUR,7,8.2694e-05,0.00358816,0.00035533,0.0830736,0.00195635,0.00801467,0.00204766,0,0,0,2.36402,23,0,0,1984,27529
F,SUPER_ECO_BW,7,8.7243e-05,0.00327657,0.000371876,0.0842364,0.00921886,0.00760832,0.000674102,0,0,0,2.01241,23,0,0,2314,27363
F,INT_BG+TINT_FILL_55,7,0.000113471,0.00355035,0.000617595,0.0788634,0.00494007,0.00849004,0.00116867,0,0,0,2.17145,23,0,0,1984,27529
F,INT_REMOVE_ALL,7,0.000132873,0.00367852,0.000769729,0.0830275,0.00794979,0.00799719,0.000986726,0,0,0,2.329,23,0,0,1984,27516
F,INT_OUTLINE+BW,7,8.0601e-05,0.00367972,0.000357016,0.082775,0.00976122,0.0081728,0.000636802,0,0,0,1.97624,23,0,0,2314,27363
F,INT_GRAY+BG,7,7.8399e-05,0.00360941,0.000876208,0.076629,0.00675542,0.00801089,0.00125668,0,0,0,2.13952,23,0,0,1984,29995
F,INT_OUTLINE+HALFTONE_M,7,0.000101261,0.00341343,0.000374869,0.0839297,0.00890141,0.00791175,0.00124469,0,0,0,2.30195,23,0,0,2314,27635
F,COPY_SAFE_ECO,7,8.9306e-05,0.00374913,0.00036932,0.0749303,0.008514,0.00831082,0.000518535,0,0,0,2.46633,23,0,0,1984,30032
F,COMBINED_REMOVE+TINT_75,7,7.5822e-05,0.00357805,0.000877828,0.0793511,0.00764731,0.00813241,0.000708532,0,0,0,2.10794,23,0,0,1984,31953
F,COMBINED_ECO+STRUCT_75,7,8.4666e-05,0.00369909,0.000304464,0.0771645,0.00162836,0.00761256,0.000691809,0,0,0,2.26624,23,0,0,1984,27529
G,STANDARD,7,0.000100514,0.0036046,0.00087124,0.0772097,0.00700093,0.00590797,0.000575803,0,0,0,2.45898,34,0,0,3767,15790
G,OPACITY_GROUP_90,7,0.000155427,0.00334242,0.0012382,0.0724921,0.00527751,0.00600512,0.000864723,0,0,0,2.04665,34,0,0,3781,16220
G,OPACITY_GROUP_75,7,0.000172323,0.00352974,0.000293037,0.0767509,0.00760759,0.00590224,0.000306384,0,0,0,2.24509,34,0,0,3782,16221
G,OPACITY_GROUP_60,7,0.000111955,0.0038039,0.000651469,0.072399,0.00559115,0.00617115,0.000513585,0,0,0,2.44824,34,0,0,3781,16220
G,OPACITY_GROUP_45,7,0.000209113,0.00321938,0.000163063,0.0770406,0.0070829,0.00568881,0.00055518,0,0,0,2.64514,34,0,0,3782,16221
G,OPACITY_ELEM_60,7,0.000120169,0.00368384,0.000196242,0.0745766,0.00581734,0.00723829,9.1665e-05,0,0,0,2.86728,34,0,0,4187,26911
G,OPACITY_FILL_60,7,0.000118109,0.0034578,0.000245673,0.0717031,0.00416768,0.00580456,0.000375593,0,0,0,2.34228,34,0,0,3767,15790
G,OPACITY_STROKE_60,7,0.000138044,0.00371136,0.00127093,0.0752988,0.00323771,0.00653114,0.000863506,0,0,0,2.55201,34,0,0,4376,15798
G,OPACITY_TEXT_60,7,0.000117999,0.00377331,0.00020372,0.0714511,0.00582411,0.00659607,0.000436587,0,0,0,2.75026,34,0,0,3781,16219
G,TINT_75,7,0.000156251,0.00371066,0.000390386,0.0780152,0.00424325,0.00579188,0.000512016,0,0,0,2.94693,34,0,0,3767,15791
G,TINT_55,7,0.000131982,0.0038759,0.000702529,0.0732335,0.00672015,0.00633002,0.000749959,0,0,0,2.35217,34,0,0,3767,15792
G,TINT_30,7,0.000122111,0.00372179,0.000445299,0.0746401,0.00555497,0.00604405,0.000521728,0,0,0,2.54964,34,0,0,3767,15792
G,TINT_FILL_55,7,0.00014972,0.00314502,0.000482569,0.0751942,0.00801006,0.00583181,0.000566055,0,0,0,2.73977,34,0,0,3767,15790
G,TINT_FILL_30,7,0.000127181,0.00347424,0.000542147,0.0718207,0.00715794,0.00693829,0.00236652,0,0,0,2.92863,34,0,0,3767,15790
G,TINT_FILL_15,7,0.000199011,0.00319504,0.000632643,0.0733944,0.00815094,0.00619226,0.00126682,0,0,0,3.12058,34,0,0,3767,15790
G,GRAYSCALE,7,0.000115037,0.00340326,0.00067744,0.0751638,0.00722072,0.00578781,0.000615406,0,0,0,2.54946,34,0,0,3767,15790
G,BW_THRESHOLD,7,0.000119163,0.00363163,0.000495994,0.0786545,0.0112262,0.00692441,0.00165323,0.23035,0,0,2.73914,34,0,0,3767,15790
G,BW_SEMANTIC,7,0.000123218,0.00365098,0.000940137,0.0708189,0.00788203,0.00603991,0.00040333,0,0,0,2.93672,34,0,0,3767,15786
G,OUTLINE_ONLY,7,0.000107485,0.003519,0.000390061,0.0742649,0.00637462,0.00595641,0.00160072,0,0,0,3.12778,34,0,0,3767,15790
G,OUTLINE_NAIVE,7,0.000120545,0.00339397,0.00050603,0.073243,0.00779082,0.00602644,0.000666916,0,0,0,2.63572,34,0,0,3767,15790
G,BG_REMOVAL,7,0.000126457,0.00312299,0.000849464,0.0751978,0.00991709,0.00602551,0.000624975,0,0,0,2.82544,34,0,0,3767,15790
G,DECOR_REMOVAL,7,0.0001127,0.00299062,0.000142838,0.0676082,0.00822316,0.00603087,0.000854471,0,0,0,3.01556,34,0,0,3767,15790
G,HALFTONE_H,7,0.000120933,0.00335905,0.000579988,0.0728535,0.010012,0.00609942,0.00214256,0,0,0,3.20442,34,0,0,3767,15790
G,HALFTONE_M,7,0.000119207,0.00339807,0.000138279,0.0664396,0.00595214,0.00549305,0.000579797,0,0,0,3.39648,34,0,0,3767,15790
G,HALFTONE_L,7,0.000183377,0.00329286,0.000492052,0.0789873,0.00595748,0.00617735,0.000457915,0,0,0,2.91348,34,0,0,3767,15790
G,DITHER_M,7,0.000109889,0.00403001,0.000747798,0.0744493,0.00754166,0.00610675,0.000483701,0,0,0,3.10316,34,0,0,3767,15790
G,HIGH_CONTRAST,7,0.000150824,0.00349265,0.000274442,0.072131,0.0100051,0.00607365,0.00120877,0,0,0,3.29298,34,0,0,3767,15786
G,ECO_COLOUR,7,0.000100628,0.00309065,0.000648633,0.0722866,0.0134999,0.00562845,0.000963915,0,0,0,3.48403,34,0,0,3767,15790
G,SUPER_ECO_BW,7,0.000106967,0.00369218,0.00105998,0.0735894,0.00821955,0.00613819,0.00109221,0,0,0,2.91861,34,0,0,3767,15786
G,INT_BG+TINT_FILL_55,7,0.000127527,0.00323097,0.000858407,0.0670312,0.0115674,0.00600669,0.00100568,0,0,0,3.10901,34,0,0,3767,15790
G,INT_REMOVE_ALL,7,0.000163002,0.00341186,0.000469487,0.0743953,0.0154056,0.00589232,0.000665329,0,0,0,3.29793,34,0,0,3767,15790
G,INT_OUTLINE+BW,7,0.000108388,0.00303099,0.000195385,0.0668543,0.00978827,0.00604799,0.000843185,0,0,0,3.48679,34,0,0,3767,15786
G,INT_GRAY+BG,7,0.00010481,0.00305384,0.000528079,0.0758958,0.00627375,0.00594794,0.000192256,0,0,0,3.68304,34,0,0,3767,15790
G,INT_OUTLINE+HALFTONE_M,7,0.000110788,0.003076,0.00026941,0.0764788,0.010695,0.00560592,0.000332378,0,0,0,3.00227,34,0,0,3767,15790
G,COPY_SAFE_ECO,7,0.000110851,0.00326656,0.000319553,0.0686218,0.00681974,0.00590145,0.00117769,0,0,0,3.19195,34,0,0,3767,15786
G,COMBINED_REMOVE+TINT_75,7,0.000208217,0.00331008,0.00111512,0.0727159,0.0093399,0.00575806,0.000983133,0,0,0,3.40302,34,0,0,3767,15791
G,COMBINED_ECO+STRUCT_75,7,0.000120366,0.00362697,0.000462639,0.0781094,0.0097681,0.00638144,0.000736721,0,0,0,3.5919,34,0,0,3767,15791
H,STANDARD,7,0.000197058,0.00437438,0.00148375,0.0707891,0.0089346,0.0104591,0.000512379,0,0,0,3.04382,80,0,0,8628,37951
H,OPACITY_GROUP_90,7,0.000220917,0.00543464,0.00139496,0.0745762,0.00674363,0.00936928,0.00188607,0,0,0,2.88259,80,0,0,8642,38384
H,OPACITY_GROUP_75,7,0.000201112,0.00453947,0.00045825,0.0713779,0.0103171,0.00936907,0.000547202,0,0,0,2.7365,80,0,0,8643,38385
H,OPACITY_GROUP_60,7,0.00020188,0.00469728,0.000893144,0.0771871,0.0119593,0.00900905,0.000330297,0,0,0,2.1174,80,0,0,8642,38384
H,OPACITY_GROUP_45,7,0.000251774,0.00420695,0.000302371,0.0776993,0.00831533,0.0090696,0.000657079,0,0,0,1.9466,80,0,0,8643,38385
H,OPACITY_ELEM_60,7,0.000234835,0.00454851,0.000405893,0.0800733,0.0124471,0.0133821,0.00137881,0,0,0,1.84171,80,0,0,9678,69724
H,OPACITY_FILL_60,7,0.00021343,0.00458459,0.000499479,0.0839688,0.0106529,0.0105318,0.00115936,0,0,0,1.8713,80,0,0,8647,38022
H,OPACITY_STROKE_60,7,0.000260516,0.0041897,0.000769948,0.0782245,0.00568811,0.00928424,0.000558061,0,0,0,1.91245,80,0,0,9048,37955
H,OPACITY_TEXT_60,7,0.000220603,0.00435677,0.000326596,0.0744486,0.00831048,0.0109417,0.000953483,0,0,0,1.94682,80,0,0,9384,61760
H,TINT_75,7,0.000355735,0.00410348,0.000449239,0.0728651,0.00362682,0.00898909,0.000836728,0,0,0,1.97337,80,0,0,8628,37953
H,TINT_55,7,0.000198936,0.0047464,0.00136612,0.0827439,0.00429677,0.00995648,0.000843452,0,0,0,1.98556,80,0,0,8628,37953
H,TINT_30,7,0.000361732,0.00411191,0.00058328,0.0732638,0.00497002,0.00922952,0.000276693,0,0,0,2.00952,80,0,0,8628,37953
H,TINT_FILL_55,7,0.000197566,0.00438295,0.000317132,0.0713643,0.00823746,0.00927541,0.000671235,0,0,0,2.03726,80,0,0,8628,37951
H,TINT_FILL_30,7,0.000201899,0.00425592,0.00069491,0.0711388,0.00438331,0.00891649,0.00044884,0,0,0,1.79354,80,0,0,8628,37951
H,TINT_FILL_15,7,0.000196799,0.0043902,0.00141211,0.0719361,0.00557283,0.0100427,0.00199642,0,0,0,1.78008,80,0,0,8628,37951
H,GRAYSCALE,7,0.000214393,0.0044556,0.000397921,0.0797023,0.00778946,0.0104285,0.00140905,0,0,0,1.807,80,0,0,8628,37951
H,BW_THRESHOLD,7,0.000324828,0.00495485,0.00168333,0.0735588,0.00567192,0.00969781,0.000449092,0.265623,0,0,1.83202,80,0,0,8628,37951
H,BW_SEMANTIC,7,0.000281514,0.00515992,0.00115196,0.0795726,0.0130812,0.00859365,0.00112518,0,0,0,1.85834,80,0,0,8664,37952
H,OUTLINE_ONLY,7,0.000192469,0.00408925,0.000252739,0.0795191,0.00579755,0.00936066,0.00178725,0,0,0,1.89274,80,0,0,8661,38069
H,OUTLINE_NAIVE,7,0.000259991,0.00412666,0.000729168,0.0760499,0.00383599,0.00946337,0.000593767,0,0,0,1.91712,80,0,0,8661,38069
H,BG_REMOVAL,7,0.000236655,0.00494511,0.000643144,0.0772899,0.00404214,0.00901031,0.00197065,0,0,0,1.93091,80,0,0,8628,37951
H,DECOR_REMOVAL,7,0.000212022,0.00407324,0.000284954,0.0768764,0.00375653,0.00906129,0.000747944,0,0,0,1.96308,78,0,0,8533,37926
H,HALFTONE_H,7,0.000197778,0.0050826,0.000935842,0.0978868,0.00833111,0.105672,0.0058596,0,0,0,1.98039,83,1,0,8853,498748
H,HALFTONE_M,7,0.000220141,0.00571933,0.0012902,0.0992182,0.00897734,0.104187,0.00561542,0,0,0,2.02646,83,1,0,8853,544841
H,HALFTONE_L,7,0.000270657,0.00495248,0.00055967,0.0933823,0.00759201,0.0890712,0.00126828,0,0,0,1.7814,83,1,0,8853,541994
H,DITHER_M,7,0.000226293,0.00619228,0.000838032,0.0967225,0.00876746,0.114014,0.00317375,0,0,0,1.81638,83,1,1,9876,724254
H,HIGH_CONTRAST,7,0.000215958,0.00436412,0.000305218,0.0726478,0.00761949,0.00966577,0.000983011,0,0,0,1.8459,80,0,0,8628,37950
H,ECO_COLOUR,7,0.000399738,0.00477168,0.000656789,0.0693707,0.00700477,0.0097518,0.000358156,0,0,0,1.8702,78,0,0,8533,37926
H,SUPER_ECO_BW,7,0.000232266,0.00420288,0.00067775,0.0785381,0.00403067,0.00919966,0.00175379,0,0,0,1.87904,78,0,0,8533,37925
H,INT_BG+TINT_FILL_55,7,0.000213147,0.00437389,0.000250199,0.0717291,0.00455395,0.00957851,0.00147166,0,0,0,1.91139,80,0,0,8628,37951
H,INT_REMOVE_ALL,7,0.000227902,0.00411079,0.000357223,0.0845412,0.0163406,0.00941634,0.00223947,0,0,0,1.93024,78,0,0,8533,37926
H,INT_OUTLINE+BW,7,0.000240345,0.00458853,0.000632722,0.0751017,0.00459756,0.0090295,0.00111063,0,0,0,1.92878,80,0,0,8661,38053
H,INT_GRAY+BG,7,0.000205797,0.00493305,0.000750682,0.080185,0.0129792,0.00991942,0.000717505,0,0,0,1.96196,80,0,0,8628,37951
H,INT_OUTLINE+HALFTONE_M,7,0.000197828,0.00522609,0.000744356,0.081906,0.00533571,0.0121461,0.00190258,0,0,0,2.01184,80,0,0,8661,38069
H,COPY_SAFE_ECO,7,0.00020742,0.00651315,0.00230224,0.0750225,0.0118334,0.0138082,0.00108519,0,0,0,1.76887,78,0,0,8533,37925
H,COMBINED_REMOVE+TINT_75,7,0.000208986,0.00549502,0.000809189,0.0839141,0.0054752,0.0100989,0.00230959,0,0,0,1.79161,78,0,0,8533,37927
H,COMBINED_ECO+STRUCT_75,7,0.00025146,0.00462707,0.00160145,0.0795663,0.00644372,0.00993329,0.00278602,0,0,0,1.80461,78,0,0,8533,37927
I,STANDARD,7,0.000207441,0.00485719,0.00159131,0.107217,0.00870766,0.0208129,0.00190475,0,0,0,2.08844,82,0,0,7692,92325
I,OPACITY_GROUP_90,7,0.000244303,0.00427089,0.000298923,0.106071,0.00367491,0.0226503,0.00550267,0,0,0,1.98334,82,0,0,7706,92750
I,OPACITY_GROUP_75,7,0.000210373,0.00496122,0.00262207,0.100857,0.0103842,0.0197706,0.00160013,0,0,0,2.26065,82,0,0,7707,92751
I,OPACITY_GROUP_60,7,0.000215127,0.00450035,0.00169226,0.103561,0.0150079,0.0230635,0.00510202,0,0,0,2.11424,82,0,0,7706,92750
I,OPACITY_GROUP_45,7,0.000376184,0.00483271,0.00199545,0.0989675,0.00816672,0.0217073,0.00469485,0,0,0,2.3924,82,0,0,7707,92751
I,OPACITY_ELEM_60,7,0.000401717,0.00455641,0.00459662,0.106384,0.0144421,0.020821,0.00183781,0,0,0,2.25042,82,0,0,8756,137033
I,OPACITY_FILL_60,7,0.000267012,0.0051951,0.00106543,0.108293,0.00797701,0.0205042,0.0017888,0,0,0,2.55347,82,0,0,8908,92399
I,OPACITY_STROKE_60,7,0.000228797,0.00811473,0.00371897,0.105071,0.00803435,0.0218254,0.00667773,0,0,0,2.42359,82,0,0,9141,92327
I,OPACITY_TEXT_60,7,0.000219193,0.00496825,0.00317211,0.104945,0.00584989,0.0219413,0.00284962,0,0,0,2.70657,82,0,0,7790,95344
I,TINT_75,7,0.000208357,0.0062017,0.00288111,0.106593,0.00382258,0.0216162,0.00145793,0,0,0,2.98915,82,0,0,7692,92334
I,TINT_55,7,0.000246954,0.00671812,0.00160157,0.102634,0.00867139,0.0217675,0.00181056,0,0,0,2.82074,82,0,0,7692,92334
I,TINT_30,7,0.000225931,0.0045331,0.00166066,0.105639,0.0183633,0.021996,0.00164587,0,0,0,3.1005,82,0,0,7692,92332
I,TINT_FILL_55,7,0.000213405,0.00696901,0.00429908,0.0994842,0.00866435,0.0243192,0.00286701,0,0,0,2.91992,82,0,0,7692,92325
I,TINT_FILL_30,7,0.00033427,0.00700919,0.00331798,0.114277,0.00732363,0.0217304,0.00549368,0,0,0,3.20518,82,0,0,7692,92322
I,TINT_FILL_15,7,0.000205575,0.00650065,0.00412787,0.107627,0.00485817,0.0222607,0.00266652,0,0,0,2.921,82,0,0,7692,92289
I,GRAYSCALE,7,0.000237456,0.00587502,0.0030396,0.0991961,0.00719136,0.0224936,0.00172199,0,0,0,3.19939,82,0,0,7692,92222
I,BW_THRESHOLD,7,0.000202385,0.00518897,0.00128923,0.105626,0.0103567,0.0225887,0.00511981,0.253498,0,0,2.87152,82,0,0,7692,92325
I,BW_SEMANTIC,7,0.000222129,0.00511396,0.00153853,0.0976999,0.0114612,0.0221929,0.00213642,0,0,0,3.14856,82,0,0,7692,91928
I,OUTLINE_ONLY,7,0.000328824,0.00634239,0.00326943,0.104762,0.00856466,0.0223542,0.00311435,0,0,0,3.41226,82,0,0,7692,92325
I,OUTLINE_NAIVE,7,0.000218671,0.00459331,0.00218321,0.105443,0.0141984,0.0208826,0.00159197,0,0,0,3.07659,82,0,0,7692,92325
I,BG_REMOVAL,7,0.000359687,0.00505571,0.00289461,0.104614,0.0190936,0.0215657,0.00315445,0,0,0,3.3403,82,0,0,7692,92325
I,DECOR_REMOVAL,7,0.000268046,0.00449882,0.00121896,0.0990747,0.0102304,0.0207206,0.00211841,0,0,0,2.97717,82,0,0,7692,92325
I,HALFTONE_H,7,0.000209829,0.00687263,0.00292019,0.26004,0.0197164,29.9525,0.944817,0,0,0,3.29186,93,5,0,9827,41055948
I,HALFTONE_M,7,0.000229154,0.00596862,0.000186418,0.238018,0.0144605,30.0607,1.32367,0,0,0,3.05837,93,5,0,9827,45204235
I,HALFTONE_L,7,0.000354832,0.00619847,0.000326233,0.220443,0.00795195,26.6013,1.68243,0,0,0,2.84038,93,5,0,9827,44468271
I,DITHER_M,7,0.000254283,0.00842654,0.00199573,0.20141,0.0238515,61.0154,1.43131,0,0,0,2.71604,93,5,5,14541,60505442
I,HIGH_CONTRAST,7,0.000264254,0.00494955,0.000649394,0.0952108,0.00310943,0.0197155,0.000639024,0,0,0,3.00766,82,0,0,7692,92304
I,ECO_COLOUR,7,0.000391192,0.00506961,0.00304842,0.0945117,0.0100492,0.0195086,0.00299405,0,0,0,3.29229,82,0,0,7692,92325
I,SUPER_ECO_BW,7,0.00023693,0.00420591,0.00161347,0.0949796,0.0046411,0.0203176,0.00380652,0,0,0,2.95091,82,0,0,7692,91928
I,INT_BG+TINT_FILL_55,7,0.000309398,0.00451833,0.000668919,0.0948145,0.00901203,0.019603,0.000418616,0,0,0,3.21494,82,0,0,7692,92325
I,INT_REMOVE_ALL,7,0.000220918,0.00434866,0.000555781,0.0985015,0.0113269,0.0192062,0.00251797,0,0,0,2.86394,82,0,0,7692,92325
I,INT_OUTLINE+BW,7,0.000358989,0.00444445,0.000389905,0.0882398,0.00374529,0.0184278,0.00410734,0,0,0,3.12536,82,0,0,7692,91928
I,INT_GRAY+BG,7,0.000209121,0.00438476,0.000988362,0.0935196,0.00758787,0.0203217,0.00332198,0,0,0,2.80246,82,0,0,7692,92222
I,INT_OUTLINE+HALFTONE_M,7,0.000252217,0.00683583,0.00121792,0.240557,0.0115162,29.6095,0.541754,0,0,0,3.09493,93,5,0,9827,45204235
I,COPY_SAFE_ECO,7,0.000246777,0.0048311,0.00083419,0.0913333,0.0087973,0.0212439,0.00463516,0,0,0,2.88967,82,0,0,7692,92304
I,COMBINED_REMOVE+TINT_75,7,0.000207739,0.00407521,0.000664767,0.101663,0.00757216,0.0195713,0.00174715,0,0,0,3.16671,82,0,0,7692,92334
I,COMBINED_ECO+STRUCT_75,7,0.000382748,0.00474792,0.00114144,0.0972942,0.00777116,0.0199932,0.00154484,0,0,0,2.87684,82,0,0,7692,92327
J,STANDARD,7,0.000195166,0.00425691,0.000831716,0.0805525,0.00346724,0.00987287,0.00210505,0,0,0,3.12369,55,0,0,6120,44926
J,OPACITY_GROUP_90,7,0.000203251,0.00425551,0.00011491,0.0787128,0.00961292,0.00989481,0.00112264,0,0,0,2.81788,55,0,0,6134,45356
J,OPACITY_GROUP_75,7,0.000257621,0.00384807,0.000412543,0.0768511,0.00784863,0.0103675,0.000876323,0,0,0,2.55914,55,0,0,6135,45357
J,OPACITY_GROUP_60,7,0.000190067,0.00396529,0.000434734,0.075289,0.00631774,0.00952006,0.000767249,0,0,0,2.80912,55,0,0,6134,45356
J,OPACITY_GROUP_45,7,0.000178411,0.00373066,0.000523765,0.0796148,0.0068066,0.00994459,0.000790241,0,0,0,2.53291,55,0,0,6135,45357
J,OPACITY_ELEM_60,7,0.00019722,0.00397863,0.000627427,0.0782416,0.0109554,0.0119326,0.00109942,0,0,0,2.3005,55,0,0,6820,65770
J,OPACITY_FILL_60,7,0.000166458,0.00386714,0.000443191,0.071467,0.0112319,0.0100663,0.00098767,0,0,0,2.53558,55,0,0,6120,44926
J,OPACITY_STROKE_60,7,0.000228231,0.00424574,0.000494719,0.0762546,0.00932133,0.0104526,0.00142551,0,0,0,2.33633,55,0,0,6624,45002
J,OPACITY_TEXT_60,7,0.000179335,0.00368775,0.000368347,0.0718855,0.00322304,0.0100871,0.00235029,0,0,0,2.06914,55,0,0,6484,56767
J,TINT_75,7,0.00013553,0.0040523,0.000224399,0.0766403,0.00394327,0.00983785,0.00030229,0,0,0,2.31758,55,0,0,6120,44926
J,TINT_55,7,0.000174467,0.00427326,0.000811251,0.0814901,0.00956539,0.0101576,0.00168994,0,0,0,2.15239,55,0,0,6120,44926
J,TINT_30,7,0.000175693,0.00435973,0.000522826,0.0844575,0.00812729,0.0104879,0.000853698,0,0,0,2.03185,55,0,0,6120,44926
J,TINT_FILL_55,7,0.000183688,0.00390215,0.00054968,0.0835381,0.00659201,0.0103198,0.00108562,0,0,0,2.26253,55,0,0,6120,44926
J,TINT_FILL_30,7,0.000179863,0.00435968,0.000908019,0.0764454,0.00653232,0.0100994,0.00198798,0,0,0,2.13895,55,0,0,6120,44926
J,TINT_FILL_15,7,0.000162064,0.00440196,0.000469319,0.0857868,0.0119011,0.0106623,0.0013395,0,0,0,2.02482,55,0,0,6120,44926
J,GRAYSCALE,7,0.000162611,0.00406407,0.000124543,0.074424,0.00955134,0.0104966,0.000606813,0,0,0,2.2555,55,0,0,6120,44926
J,BW_THRESHOLD,7,0.000175013,0.0042961,0.00206307,0.077556,0.00574804,0.0126986,0.0023862,0.277827,0,0,2.13002,55,0,0,6120,44926
J,BW_SEMANTIC,7,0.000158569,0.00446978,0.000709674,0.0802679,0.00350534,0.00989069,0.00231868,0,0,0,2.01638,55,0,0,6120,39032
J,OUTLINE_ONLY,7,0.000161243,0.0041054,0.000977373,0.0775158,0.00658748,0.01072,0.000705744,0,0,0,2.24706,55,0,0,6120,44926
J,OUTLINE_NAIVE,7,0.000155265,0.00387976,0.000553591,0.082871,0.0105783,0.0101195,0.000602357,0,0,0,2.13115,55,0,0,6120,44926
J,BG_REMOVAL,7,0.000176175,0.00364138,0.000507855,0.0766257,0.0063199,0.00978685,0.0026787,0,0,0,2.00792,55,0,0,6120,44926
J,DECOR_REMOVAL,7,0.000245099,0.00421205,0.000650866,0.0707548,0.0131694,0.0102547,0.000906626,0,0,0,2.2386,55,0,0,6120,44926
J,HALFTONE_H,7,0.000259665,0.0038297,0.000538369,0.0836038,0.0084142,0.00982456,0.00100484,0,0,0,2.11325,55,0,0,6120,44926
J,HALFTONE_M,7,0.000163883,0.00422178,0.000574064,0.0802555,0.00375498,0.00992058,0.000587904,0,0,0,2.00793,55,0,0,6120,44926
J,HALFTONE_L,7,0.00016822,0.00431111,0.00159277,0.0773563,0.00607508,0.0102609,0.000650288,0,0,0,2.23861,55,0,0,6120,44926
J,DITHER_M,7,0.000235213,0.00432418,0.000430989,0.0836363,0.010439,0.0107358,0.000764948,0,0,0,2.10902,55,0,0,6120,44926
J,HIGH_CONTRAST,7,0.000185352,0.00411409,0.000518426,0.0751125,0.00552823,0.00999719,0.00106734,0,0,0,1.99196,55,0,0,6118,44930
J,ECO_COLOUR,7,0.000177661,0.00396765,0.000480366,0.0755924,0.00752902,0.00959808,0.00117789,0,0,0,2.22263,55,0,0,6120,44926
J,SUPER_ECO_BW,7,0.000193209,0.00419774,0.00156276,0.0823238,0.0134057,0.00960978,0.00118491,0,0,0,2.10932,55,0,0,6120,39032
J,INT_BG+TINT_FILL_55,7,0.000202264,0.00418156,0.000555862,0.0758035,0.00526387,0.00997869,0.00042702,0,0,0,1.99539,55,0,0,6120,44926
J,INT_REMOVE_ALL,7,0.00015753,0.00421908,0.000366232,0.0756112,0.00768294,0.010349,0.000537819,0,0,0,2.22606,55,0,0,6120,44926
J,INT_OUTLINE+BW,7,0.000221133,0.0037125,0.000325573,0.0753558,0.00846228,0.00975011,0.000738924,0,0,0,2.09869,55,0,0,6120,39032
J,INT_GRAY+BG,7,0.00014731,0.00397243,0.000281311,0.0751578,0.00379743,0.00934485,0.000872739,0,0,0,1.99594,55,0,0,6120,44926
J,INT_OUTLINE+HALFTONE_M,7,0.000191624,0.00388376,0.000422704,0.0748981,0.00949013,0.00915307,0.000754093,0,0,0,2.22661,55,0,0,6120,44926
J,COPY_SAFE_ECO,7,0.000187203,0.00476971,0.000883934,0.0808678,0.00210789,0.00994743,0.00266547,0,0,0,2.09421,55,0,0,6118,44930
J,COMBINED_REMOVE+TINT_75,7,0.000169777,0.00440975,0.00048488,0.0855125,0.00629812,0.0101865,0.00136728,0,0,0,1.98023,55,0,0,6120,44926
J,COMBINED_ECO+STRUCT_75,7,0.000176027,0.00392587,0.000632738,0.0785327,0.0114661,0.00977729,0.00258347,0,0,0,2.2109,55,0,0,6120,44926
K,STANDARD,7,0.000264278,0.00469767,0.000746494,0.0890771,0.00936421,0.0104938,0.000329662,0,0,0,2.16733,97,0,0,12051,53626
K,OPACITY_GROUP_90,7,0.000247226,0.00449993,0.000359883,0.0832462,0.00382331,0.0111854,0.000767386,0,0,0,2.52718,97,0,0,12065,54029
K,OPACITY_GROUP_75,7,0.000250195,0.00423662,0.000492238,0.0842342,0.00996303,0.0113278,0.000413257,0,0,0,2.42261,97,0,0,12066,54030
K,OPACITY_GROUP_60,7,0.000461975,0.00455691,0.000568771,0.0855937,0.00876688,0.0109877,0.00167368,0,0,0,2.7885,97,0,0,12065,54029
K,OPACITY_GROUP_45,7,0.000289599,0.00422281,0.000629338,0.0788335,0.00998934,0.0117862,0.00380783,0,0,0,2.66339,97,0,0,12066,54030
K,OPACITY_ELEM_60,7,0.000316888,0.00469598,0.000560829,0.0847327,0.00510617,0.0134308,0.00117723,0,0,0,3.05684,97,0,0,13297,89030
K,OPACITY_FILL_60,7,0.000310075,0.00431506,0.00058493,0.0869491,0.00867723,0.0120604,0.000995477,0,0,0,2.96598,97,0,0,12944,53700
K,OPACITY_STROKE_60,7,0.000281745,0.00518214,0.00162209,0.0874529,0.00895611,0.0117973,0.00142426,0,0,0,3.36193,97,0,0,13731,53636
K,OPACITY_TEXT_60,7,0.000240361,0.00464259,0.000922799,0.0848515,0.0073706,0.0137178,0.00268377,0,0,0,3.24301,97,0,0,12149,56750
K,TINT_75,7,0.000254737,0.0045461,0.000930253,0.092544,0.00879637,0.0121635,0.00211906,0,0,0,3.60206,97,0,0,12051,53630
K,TINT_55,7,0.000297764,0.00490709,0.000694176,0.0818016,0.00313288,0.0125451,0.000816435,0,0,0,3.51237,97,0,0,12051,53626
K,TINT_30,7,0.000252182,0.00454191,0.000821258,0.0803984,0.00869999,0.0113979,0.000928331,0,0,0,3.87296,97,0,0,12051,53620
K,TINT_FILL_55,7,0.000261184,0.00414234,0.000497715,0.0862768,0.00440048,0.0123331,0.00291868,0,0,0,3.71675,97,0,0,12051,49279
K,TINT_FILL_30,7,0.000266181,0.00400768,0.000270469,0.083492,0.0048594,0.0113729,0.0006615,0,0,0,4.0855,97,0,0,12051,49275
K,TINT_FILL_15,7,0.000323963,0.00432215,0.000470728,0.0860433,0.0113087,0.0112084,0.000895863,0,0,0,3.73742,97,0,0,12051,49269
K,GRAYSCALE,7,0.000315021,0.00408091,0.000390537,0.0740774,0.0101761,0.0116038,0.000946889,0,0,0,4.09694,97,0,0,12051,53597
K,BW_THRESHOLD,7,0.000261031,0.00500015,0.00100076,0.0876822,0.00777746,0.0122773,0.0015397,0.236657,0,0,3.7554,97,0,0,12051,53626
K,BW_SEMANTIC,7,0.000483971,0.0044965,0.000783455,0.0753699,0.00465081,0.0111677,0.000737789,0,0,0,4.12312,97,0,0,12048,53424
K,OUTLINE_ONLY,7,0.000246911,0.00404297,0.000329273,0.0796659,0.0106128,0.0100891,0.000808266,0,0,0,3.74897,95,0,0,11867,48442
K,OUTLINE_NAIVE,7,0.000287841,0.00374159,0.000214716,0.0821241,0.0121726,0.00995111,0.00080968,0,0,0,4.10348,95,0,0,11867,52807
K,BG_REMOVAL,7,0.000236644,0.00414894,0.00046661,0.0824164,0.006004,0.0101007,0.000481405,0,0,0,3.68524,95,0,0,11967,53602
K,DECOR_REMOVAL,7,9.3556e-05,0.00341333,0.000916992,0.073853,0.0100979,0.00756115,0.000455344,0,0,0,3.88448,22,0,0,2301,31872
K,HALFTONE_H,7,0.000286883,0.00639989,0.00104578,0.921382,0.0385554,12.8402,1.5228,0,0,0,3.50854,110,6,0,14074,30761501
K,HALFTONE_M,7,0.00030144,0.0066751,0.00457655,0.724441,0.0248925,14.3602,0.240624,0,0,0,3.27344,110,6,0,14074,34455115
K,HALFTONE_L,7,0.000265444,0.00682329,0.00181379,0.560909,0.0117656,12.7947,0.66789,0,0,0,3.66916,110,6,0,14074,33601037
K,DITHER_M,7,0.000302641,0.00824948,0.00159938,0.605332,0.0116735,29.813,1.19487,0,0,0,3.50478,110,6,6,19949,45453268
K,HIGH_CONTRAST,7,0.0003247,0.00438496,0.000818627,0.0832283,0.00688372,0.0127322,0.00165242,0,0,0,3.23196,95,0,0,11967,53535
K,ECO_COLOUR,7,7.2767e-05,0.00321884,0.000664913,0.0712958,0.0131851,0.00756646,0.00066194,0,0,0,3.422,20,0,0,2217,31844
K,SUPER_ECO_BW,7,7.8459e-05,0.00286991,0.000267506,0.0643613,0.00431625,0.00779538,0.000376549,0,0,0,3.59363,20,0,0,2217,31841
K,INT_BG+TINT_FILL_55,7,0.000229401,0.00405563,0.000492535,0.0820473,0.0107123,0.0127031,0.00180704,0,0,0,3.12598,95,0,0,11967,49254
K,INT_REMOVE_ALL,7,0.000125029,0.00399831,0.00105333,0.0731322,0.0104839,0.00810761,0.00173239,0,0,0,3.30887,20,0,0,2217,31844
K,INT_OUTLINE+BW,7,0.000272313,0.0047743,0.00100211,0.0876036,0.00996929,0.0103201,0.0016786,0,0,0,3.64518,95,0,0,11867,48376
K,INT_GRAY+BG,7,0.000263145,0.00486097,0.000459646,0.0826511,0.00935213,0.012794,0.00228453,0,0,0,3.24068,95,0,0,11967,53578
K,INT_OUTLINE+HALFTONE_M,7,0.00021722,0.00417705,0.000205685,0.0802417,0.00444848,0.0106839,0.000954854,0,0,0,3.5986,95,0,0,11867,48442
K,COPY_SAFE_ECO,7,9.3512e-05,0.00342773,0.000565528,0.0696674,0.00699867,0.00814909,0.00143871,0,0,0,3.17444,20,0,0,2217,31841
K,COMBINED_REMOVE+TINT_75,7,8.5118e-05,0.0035784,0.000544197,0.0724507,0.00488535,0.00777746,0.00082977,0,0,0,3.34067,20,0,0,2217,31845
K,COMBINED_ECO+STRUCT_75,7,0.000106607,0.00339242,0.000850665,0.0702116,0.00720848,0.00883098,0.00109612,0,0,0,3.50148,20,0,0,2217,31845
L,STANDARD,7,0.000264914,0.00418909,0.000768766,0.0790293,0.00655554,0.0102054,0.000539772,0,0,0,3.02693,77,0,0,8572,44532
L,OPACITY_GROUP_90,7,0.000247797,0.00447521,0.000396676,0.0850934,0.00692538,0.0105144,0.000573033,0,0,0,3.33067,77,0,0,8586,44968
L,OPACITY_GROUP_75,7,0.000227281,0.00383842,0.000530292,0.081795,0.0059135,0.0104381,0.0013809,0,0,0,2.98095,77,0,0,8587,44969
L,OPACITY_GROUP_60,7,0.000242343,0.00435803,0.00197006,0.0841644,0.00610073,0.010721,0.000893848,0,0,0,3.27322,77,0,0,8586,44968
L,OPACITY_GROUP_45,7,0.000222565,0.00412811,0.000814547,0.0821548,0.00804766,0.0101049,0.000903554,0,0,0,2.87524,77,0,0,8587,44969
L,OPACITY_ELEM_60,7,0.000287981,0.00391965,0.000429827,0.0798508,0.0165661,0.0125871,0.00204416,0,0,0,3.19396,77,0,0,9566,73451
L,OPACITY_FILL_60,7,0.000237484,0.00385155,0.000540557,0.0883435,0.0136067,0.0108811,0.00276113,0,0,0,2.92966,77,0,0,9180,44606
L,OPACITY_STROKE_60,7,0.000610234,0.00387368,0.000751946,0.0799146,0.00582188,0.0107269,0.0010089,0,0,0,3.24004,77,0,0,9622,44612
L,OPACITY_TEXT_60,7,0.000228722,0.00431568,0.00048725,0.0807684,0.00597454,0.0107311,0.00136216,0,0,0,2.92867,77,0,0,8726,49293
L,TINT_75,7,0.00023444,0.00415003,0.00042488,0.0850115,0.00503077,0.0106654,0.000853038,0,0,0,3.221,77,0,0,8572,44524
L,TINT_55,7,0.000215842,0.00399961,0.000558886,0.0779655,0.00723752,0.00983707,0.00082123,0,0,0,2.85887,77,0,0,8572,44522
L,TINT_30,7,0.000257254,0.00402392,0.000487161,0.0763888,0.00656153,0.0102223,0.000710473,0,0,0,3.15685,77,0,0,8572,44517
L,TINT_FILL_55,7,0.000264166,0.00379461,0.000793258,0.0760801,0.00868516,0.0117252,0.00227362,0,0,0,2.9767,77,0,0,8572,44545
L,TINT_FILL_30,7,0.000227971,0.00363746,0.000729656,0.0830546,0.01028,0.0105783,0.00128052,0,0,0,3.26869,77,0,0,8572,44538
L,TINT_FILL_15,7,0.000216843,0.00405138,0.000618355,0.0822194,0.00602896,0.0100067,0.00135161,0,0,0,2.99093,77,0,0,8572,44530
L,GRAYSCALE,7,0.000217306,0.00394562,0.000819859,0.0842819,0.00379239,0.0100289,0.00133489,0,0,0,3.28292,77,0,0,8572,44490
L,BW_THRESHOLD,7,0.000202744,0.00488856,0.000856622,0.0847315,0.0134741,0.0120012,0.00518607,0.242736,0,0,2.98582,77,0,0,8572,44532
L,BW_SEMANTIC,7,0.000229354,0.00439205,0.0013173,0.0798957,0.00585676,0.0116157,0.00195815,0,0,0,3.28373,77,0,0,8932,44654
L,OUTLINE_ONLY,7,0.000275585,0.00364911,0.000796316,0.0774658,0.00772506,0.0099216,0.00130901,0,0,0,3.00921,77,0,0,8836,44016
L,OUTLINE_NAIVE,7,0.000277876,0.00376032,0.000325463,0.0855039,0.00891895,0.0104525,0.000557793,0,0,0,3.28998,77,0,0,8836,44016
L,BG_REMOVAL,7,0.000216331,0.00389169,0.000503388,0.0804764,0.00531233,0.0103059,0.000785497,0,0,0,2.99508,77,0,0,8572,44532
L,DECOR_REMOVAL,7,0.000212945,0.00375669,0.000602782,0.0795233,0.00540731,0.0094295,0.00292873,0,0,0,3.27253,66,0,0,7797,39424
L,HALFTONE_H,7,0.000364605,0.00635233,0.000406303,0.382775,0.0219711,6.87762,0.123902,0,0,0,3.0451,104,13,0,11683,20459732
L,HALFTONE_M,7,0.000255365,0.00598461,0.00110935,0.325632,0.0188952,4.8168,0.0581564,0,0,0,2.88684,104,13,0,11683,22476890
L,HALFTONE_L,7,0.000329698,0.00651306,0.00175624,0.28803,0.0206275,4.14032,0.114881,0,0,0,2.73445,104,13,0,11683,22356925
L,DITHER_M,7,0.00030889,0.00715763,0.000616314,0.257191,0.0146744,7.38427,1.37393,0,0,0,3.30296,104,13,13,24889,30248841
L,HIGH_CONTRAST,7,0.000271194,0.00397899,0.000315157,0.0830607,0.00859066,0.0107834,0.0013177,0,0,0,3.04038,77,0,0,8572,44494
L,ECO_COLOUR,7,0.000219565,0.00425235,0.000802154,0.0814669,0.00647714,0.00984348,0.000605374,0,0,0,3.32002,66,0,0,7797,39448
L,SUPER_ECO_BW,7,0.000210338,0.00370618,0.000614629,0.0772129,0.00426492,0.00931187,0.00136994,0,0,0,3.00194,66,0,0,7731,38457
L,INT_BG+TINT_FILL_55,7,0.000219512,0.00409655,7.0453e-05,0.086171,0.0097229,0.0106362,0.000940487,0,0,0,3.29437,77,0,0,8572,44545
L,INT_REMOVE_ALL,7,0.000188105,0.00356584,0.000246975,0.0850415,0.00483921,0.00944517,0.000321027,0,0,0,2.97764,66,0,0,7797,39424
L,INT_OUTLINE+BW,7,0.000271616,0.00417407,6.90275e-05,0.0780947,0.00582617,0.00992861,0.000724447,0,0,0,3.281,77,0,0,8836,43884
L,INT_GRAY+BG,7,0.000232047,0.00369704,0.000697259,0.0770016,0.00658051,0.0103087,0.00214407,0,0,0,2.97904,77,0,0,8572,44490
L,INT_OUTLINE+HALFTONE_M,7,0.000225308,0.00397911,0.000370064,0.0803196,0.00920683,0.0097798,0.00191574,0,0,0,3.27824,77,0,0,8836,44016
L,COPY_SAFE_ECO,7,0.000217333,0.00387622,0.00026145,0.0785608,0.00721335,0.00935841,0.00155686,0,0,0,2.98778,66,0,0,7797,39377
L,COMBINED_REMOVE+TINT_75,7,0.000184527,0.00343673,0.000445735,0.0735632,0.00532835,0.0087306,0.00049956,0,0,0,3.26356,66,0,0,7797,39434
L,COMBINED_ECO+STRUCT_75,7,0.000230561,0.00347168,0.000282249,0.0740074,0.00622873,0.00958274,0.000882902,0,0,0,2.97044,66,0,0,7797,39451
