mode,family,complexity,n_docs,rel_ttc_mean,rel_ttc_mean_ci95_lo,rel_ttc_mean_ci95_hi,rel_ttc_median,rel_ttc_median_ci95_lo,rel_ttc_median_ci95_hi,rel_ttc_min,rel_ttc_max,rel_ttc_var,abs_ttc_mean_pp,abs_ttc_median_pp,rel_wd_mean,rel_black_mean,rel_colour_mean,rel_nonwhite_mean,q_gen0_mean,q_gen0_min,photocopy_retention_mean,pdf_ratio_median,pdf_ratio_max,n_promising,n_conditional,n_dominated,n_failed,n_needs_physical_validation
STANDARD,standard,0,108,0,0,0,0,0,0,0,0,0,0,0,0,0,0,0,1,1,1,1,1,0,0,0,0,0
ECO_COLOUR,eco,2,108,0.2982,0.12794,0.48546,0.24488,0,0.48078,0,0.98762,0.10905,11.014,0.52421,0.25205,0.16048,0.69345,0.27713,0.99113,0.87997,0.99997,0.99991,1.0003,18,8,82,0,0
SUPER_ECO_BW,eco,2,108,0.2262,-0.097605,0.54338,0.18804,-0.11253,0.73635,-1.1482,0.98625,0.31681,13.562,0.36832,0.099413,-0.1387,1,0.4185,0.83558,0.034394,0.99828,0.99172,1.0012,4,10,64,30,0
INT_BG+TINT_FILL_55,interaction,2,108,0.23704,0.099047,0.38717,0.12476,0,0.46055,0,0.74629,0.064677,9.0156,0.24576,0.1914,0.11899,0.54131,0.10524,0.99095,0.93805,0.99997,1,1.0013,13,6,89,0,0
INT_REMOVE_ALL,interaction,2,108,0.18866,0.043969,0.38097,0,0,0.24054,0,0.98762,0.095911,7.2135,0,0.16269,0.082563,0.44182,0.27769,0.99615,0.84808,0.99997,1,1,11,5,92,0,0
INT_OUTLINE+BW,interaction,2,108,0.20429,-0.088718,0.50188,0.13161,-0.11253,0.65534,-1.1482,0.98561,0.30319,13.315,0.21395,0.054316,-0.27989,1,0.40688,0.82736,0.034394,0.99007,0.99561,1.0039,0,4,73,31,0
INT_GRAY+BG,interaction,2,108,0.28756,0.12101,0.46318,0.1024,0,0.59633,0,0.89252,0.10197,10.961,0.14628,0.050431,-0.65068,1,0.10608,0.97293,0.7,0.99997,1,1.1011,6,0,94,8,0
INT_OUTLINE+HALFTONE_M,interaction,3,108,0.3446,0.1336,0.57619,0.21974,0,0.73825,0,0.98255,0.14859,13.629,0.44945,0.29014,0.16359,0.82624,0.38092,0.87991,0.020435,0.99996,1,1065.3,6,3,84,15,0
COPY_SAFE_ECO,eco,2,108,0.05077,-0.15315,0.2663,-0.027514,-0.11276,0.18011,-0.909,0.98574,0.16452,6.7818,-0.17546,0.01201,-0.098239,0.44501,0.25544,0.98742,0.8321,0.99998,0.99977,1.1024,3,15,90,0,0
COMBINED_REMOVE+TINT_75,combined,2,108,0.39824,0.28796,0.53759,0.2867,0.24695,0.4458,0.22808,0.99064,0.053675,9.9627,1.2242,0.36853,0.30838,0.60877,0.28007,0.98496,0.84861,0.7578,1,1.2761,13,15,80,0,0
COMBINED_ECO+STRUCT_75,combined,2,108,0.43599,0.31084,0.58015,0.3165,0.24683,0.49611,0.22808,0.99064,0.057553,11.455,1.2242,0.40065,0.33302,0.69684,0.27951,0.98336,0.86682,0.7578,0.9999,1.0003,33,20,55,0,0
OPACITY_GROUP_90,opacity,1,108,0.1059,0.10176,0.1108,0.10038,0.1,0.11333,0.1,0.12352,6.5751e-05,1.8998,0.41647,0.1,0.1,0.11626,9.7658e-05,0.98367,0.73333,0.83338,1.0121,1.0397,0,44,59,5,0
OPACITY_GROUP_75,opacity,1,108,0.26138,0.2534,0.27023,0.2507,0.25,0.27636,0.25,0.29587,0.00024577,4.6358,1.0412,0.25,0.25,0.2813,0.0010569,0.91931,0.24999,0.7582,1.0122,1.0398,24,66,6,12,0
OPACITY_GROUP_60,opacity,1,108,0.41362,0.40417,0.42441,0.40082,0.4,0.42413,0.4,0.45526,0.00035232,7.2592,1.6659,0.4,0.4,0.43738,0.0064054,0.6065,0,0.60919,1.0121,1.0397,17,43,2,46,0
OPACITY_GROUP_45,opacity,1,108,0.56322,0.55393,0.57337,0.55079,0.55,0.58107,0.55,0.60388,0.00033184,9.7891,2.2906,0.55,0.55,0.58622,0.010343,0,0,0.31258,1.0122,1.0398,0,0,0,108,0
OPACITY_ELEM_60,opacity,1,108,0.4046,0.39557,0.41512,0.39887,0.39696,0.4014,0.36195,0.45446,0.00040416,6.8583,1.6532,0.39107,0.38398,0.42193,0.0054279,0.60097,0,0.61383,1.4938,12.422,17,37,8,46,0
OPACITY_FILL_60,opacity,2,108,0.17425,0.078241,0.27532,0.10714,0,0.37327,0,0.45684,0.032423,5.8661,0.20714,0.14139,0.097072,0.4076,0.00094099,0.91599,0,0.99679,1.0013,1.0102,3,0,96,9,0
OPACITY_STROKE_60,opacity,2,108,0.1132,0.055599,0.18185,0.10312,0.0059215,0.17818,-0.0032166,0.37592,0.01243,0.55725,0.23265,0.12673,0.15073,0.0082144,0.0020707,0.90816,0,0.73579,1.0001,1.0041,0,17,82,9,0
OPACITY_TEXT_60,opacity,2,108,0.11207,0.045112,0.18278,0.080745,0.0068119,0.22092,-0.0082653,0.39861,0.015933,0.31426,0.14146,0.11978,0.13389,-0.0069025,0.0024164,0.66677,0,0.802,1.1207,11.659,3,4,57,44,0
TINT_75,lighter,1,108,0.2575,0.24754,0.268,0.2496,0.24495,0.27563,0.22808,0.29414,0.0003353,4.6171,0.96539,0.2459,0.24272,0.27607,0.0023166,0.96781,0.25641,0.75996,1,1.2761,35,62,8,3,0
TINT_55,lighter,1,108,0.46044,0.44968,0.47288,0.45178,0.44608,0.47786,0.42863,0.49993,0.00041895,8.0506,1.8032,0.44424,0.43753,0.48856,0.0059191,0.29416,0,0.55962,1,1.0006,10,15,0,83,0
TINT_30,lighter,1,108,0.70666,0.69868,0.71586,0.69832,0.69517,0.7193,0.68447,0.73753,0.00024696,12.146,2.8675,0.69329,0.68481,0.73117,0.014517,0.039455,0,0.086294,1,1.0004,0,0,0,108,0
TINT_FILL_55,lighter,2,108,0.19959,0.090221,0.31529,0.12476,0,0.4338,0,0.49855,0.042139,6.8298,0.24576,0.163,0.11661,0.46225,0.00024231,0.98268,0.61097,0.99999,1,1.0013,7,6,93,2,0
TINT_FILL_30,lighter,2,108,0.29998,0.12995,0.47432,0.19325,0,0.64621,0,0.73659,0.093969,10.263,0.38619,0.25412,0.18371,0.69259,0.0013994,0.93097,0,0.99998,1,1.0009,6,13,80,9,0
TINT_FILL_15,lighter,2,108,0.35776,0.15506,0.57421,0.22825,0,0.76689,0,0.86818,0.13354,12.266,0.45641,0.31019,0.22882,0.81774,0.15582,0.87106,0,0.99998,1,1.0007,0,15,75,18,0
GRAYSCALE,grayscale,1,108,0.27301,0.10894,0.44263,0.1024,0,0.59773,0,0.76564,0.087802,9.989,0.14628,-0.00032273,-0.95183,1,0.001048,0.97291,0.7,1,1,1.1011,0,5,58,8,37
BW_THRESHOLD,bw,3,108,0.33681,0.14626,0.51886,0.35056,0.00063948,0.577,-0.10613,0.92437,0.10889,10.98,0.74279,0.12301,-0.48831,1,0.57716,0.65578,0,0.73001,0.53651,2.6622,0,0,46,62,0
BW_SEMANTIC,bw,2,108,0.13635,-0.13277,0.3749,0.13963,-0.11244,0.56674,-1.1482,0.78732,0.22104,9.8162,0.23957,-0.14547,-1.1203,1,0.34965,0.91402,0.58101,0.98371,0.99954,1.1998,0,4,85,17,2
OUTLINE_ONLY,outline,2,108,0.28676,0.09421,0.50851,0.034996,0,0.54023,0,0.98255,0.14493,12.04,0.11532,0.2388,0.12289,0.70282,0.35469,0.88176,0.020435,0.99996,1,1.0065,0,4,89,15,0
OUTLINE_NAIVE,outline,2,108,0.28758,0.090417,0.52463,0.034996,0,0.56581,0,0.98898,0.14604,12.093,0.11532,0.24129,0.13367,0.70282,0.35569,0.85244,0,0.88967,1,1.0065,0,4,83,21,0
BG_REMOVAL,removal,2,108,0.068299,0,0.17043,0,0,0,0,0.69434,0.032414,3.9939,0,0.050269,0.004728,0.14412,0.10499,1,1,0.99997,1,1,0,0,108,0,0
DECOR_REMOVAL,removal,2,108,0.11373,0.023054,0.22542,0,0,0.20247,0,0.87983,0.039733,2.9376,0,0.10777,0.077835,0.28385,0.16221,0.99615,0.84808,1,1,1,6,5,97,0,0
HALFTONE_H,halftone,3,108,0.16391,0.065651,0.26625,0.10473,0,0.36519,0,0.4651,0.03246,6.1255,0.24227,0.13635,0.083147,0.38601,0.056139,0.9763,0.81236,0.99987,19.237,961.25,0,0,108,0,0
HALFTONE_M,halftone,3,108,0.26353,0.10453,0.43323,0.16998,0,0.588,0,0.73516,0.083485,9.8869,0.39233,0.22391,0.146,0.61743,0.19952,0.91208,0,0.99997,20.905,1065.3,0,0,80,19,9
HALFTONE_L,halftone,3,108,0.31257,0.12251,0.51693,0.20278,0,0.70434,0,0.86259,0.11706,11.741,0.46694,0.26829,0.1795,0.73023,0.29125,0.85952,0,0.99997,20.95,1039.3,0,0,88,20,0
DITHER_M,dither,4,108,0.2488,0.099402,0.40428,0.16125,0,0.56075,0,0.68995,0.07429,9.3408,0.37181,0.21278,0.14017,0.5815,0.21667,0.91852,0.020102,0.99998,28.085,1420.8,0,0,89,18,1
HIGH_CONTRAST,contrast,2,108,-0.063585,-0.21038,0.11423,-0.094549,-0.11303,-0.024043,-0.909,0.74781,0.09063,3.8212,-0.27028,-0.13449,-0.54996,0.1893,0.082798,0.9901,0.89269,0.99999,0.99987,1.1024,0,15,93,0,0
